<?xml version="1.0" encoding="ISO-8859-1"?>
<NetSim_Metrics>
 <!--NETSIM_METRICS-->
 <MENU Name="Link_Metrics">
  <TABLE name="Link_Metrics">
   <TH name="Link_id" isShow="true"/>
   <TH name="Link_throughput_plot" isShow="true"/>
   <TH name="Packet_transmitted" isShow="true">
    <TH name="Data"/>
    <TH name="Control"/>
   </TH>
   <TH name="Packet_errored" isShow="true">
    <TH name="Data"/>
    <TH name="Control"/>
   </TH>
   <TH name="Packet_collided" isShow="true">
    <TH name="Data"/>
    <TH name="Control"/>
   </TH>
   <TH name="Bytes_transmitted(bytes)" isShow="false"/>
   <TH name="Payload_transmitted(bytes)" isShow="false"/>
   <TH name="Overhead_transmitted(bytes)" isShow="false"/>
   <TR>
    <TC Value="All"/>
    <TC Value="NA"/>
    <TC Value="21620"/>
    <TC Value="20495"/>
    <TC Value="0"/>
    <TC Value="0"/>
    <TC Value="1125"/>
    <TC Value="0"/>
    <TC Value="19053090"/>
    <TC Value="16396000"/>
    <TC Value="2657090"/>
   </TR>
   <TR>
    <TC Value="1"/>
    <TC Value="NA"/>
    <TC Value="21620"/>
    <TC Value="20495"/>
    <TC Value="0"/>
    <TC Value="0"/>
    <TC Value="1125"/>
    <TC Value="0"/>
    <TC Value="19053090"/>
    <TC Value="16396000"/>
    <TC Value="2657090"/>
   </TR>
  </TABLE>
 </MENU>
 <MENU Name="Queue_Metrics">
  <TABLE name="Queue_Metrics">
   <TH name="Device_id" isShow="true"/>
   <TH name="Port_id" isShow="true"/>
   <TH name="Queued_packet" isShow="true"/>
   <TH name="Dequeued_packet" isShow="true"/>
   <TH name="Dropped_packet" isShow="true"/>
  </TABLE>
 </MENU>
 <MENU Name="TCP_Metrics">
  <TABLE name="TCP_Metrics">
   <TH name="Source" isShow="true"/>
   <TH name="Destination" isShow="true"/>
   <TH name="Local Address" isShow="false"/>
   <TH name="Remote Address" isShow="false"/>
   <TH name="Syn Sent" isShow="false"/>
   <TH name="Syn-Ack Sent" isShow="false"/>
   <TH name="Segment Sent" isShow="true"/>
   <TH name="Segment Received" isShow="true"/>
   <TH name="Segment Retransmitted" isShow="false"/>
   <TH name="Ack Sent" isShow="true"/>
   <TH name="Ack Received" isShow="true"/>
   <TH name="Duplicate segment received" isShow="false"/>
   <TH name="Out of order segment received" isShow="false"/>
   <TH name="Duplicate ack received" isShow="true"/>
   <TH name="Times RTO expired" isShow="false"/>
   <TR>
    <TC Value="WIRELESS_NODE_1"/>
    <TC Value="ANY_DEVICE"/>
    <TC Value="11.1.1.1:0"/>
    <TC Value="0.0.0.0:0"/>
    <TC Value="0"/>
    <TC Value="0"/>
    <TC Value="0"/>
    <TC Value="0"/>
    <TC Value="0"/>
    <TC Value="0"/>
    <TC Value="0"/>
    <TC Value="0"/>
    <TC Value="0"/>
    <TC Value="0"/>
    <TC Value="0"/>
   </TR>
   <TR>
    <TC Value="WIRELESS_NODE_2"/>
    <TC Value="ANY_DEVICE"/>
    <TC Value="11.1.1.2:0"/>
    <TC Value="0.0.0.0:0"/>
    <TC Value="0"/>
    <TC Value="0"/>
    <TC Value="0"/>
    <TC Value="0"/>
    <TC Value="0"/>
    <TC Value="0"/>
    <TC Value="0"/>
    <TC Value="0"/>
    <TC Value="0"/>
    <TC Value="0"/>
    <TC Value="0"/>
   </TR>
   <TR>
    <TC Value="WIRELESS_NODE_3"/>
    <TC Value="ANY_DEVICE"/>
    <TC Value="11.1.1.3:0"/>
    <TC Value="0.0.0.0:0"/>
    <TC Value="0"/>
    <TC Value="0"/>
    <TC Value="0"/>
    <TC Value="0"/>
    <TC Value="0"/>
    <TC Value="0"/>
    <TC Value="0"/>
    <TC Value="0"/>
    <TC Value="0"/>
    <TC Value="0"/>
    <TC Value="0"/>
   </TR>
   <TR>
    <TC Value="WIRELESS_NODE_4"/>
    <TC Value="ANY_DEVICE"/>
    <TC Value="11.1.1.4:0"/>
    <TC Value="0.0.0.0:0"/>
    <TC Value="0"/>
    <TC Value="0"/>
    <TC Value="0"/>
    <TC Value="0"/>
    <TC Value="0"/>
    <TC Value="0"/>
    <TC Value="0"/>
    <TC Value="0"/>
    <TC Value="0"/>
    <TC Value="0"/>
    <TC Value="0"/>
   </TR>
  </TABLE>
 </MENU>
 <MENU Name="IP_Metrics">
  <TABLE name="IP_Metrics">
   <TH name="Device Id" isShow="true"/>
   <TH name="Packet sent" isShow="true"/>
   <TH name="Packet forwarded" isShow="true"/>
   <TH name="Packet received" isShow="true"/>
   <TH name="Packet discarded" isShow="false"/>
   <TH name="TTL expired" isShow="false"/>
   <TH name="Firewall blocked" isShow="false"/>
   <TR>
    <TC Value="1"/>
    <TC Value="11721"/>
    <TC Value="0"/>
    <TC Value="715"/>
    <TC Value="0"/>
    <TC Value="0"/>
    <TC Value="0"/>
   </TR>
   <TR>
    <TC Value="2"/>
    <TC Value="11721"/>
    <TC Value="0"/>
    <TC Value="856"/>
    <TC Value="0"/>
    <TC Value="0"/>
    <TC Value="0"/>
   </TR>
   <TR>
    <TC Value="3"/>
    <TC Value="11721"/>
    <TC Value="0"/>
    <TC Value="1073"/>
    <TC Value="0"/>
    <TC Value="0"/>
    <TC Value="0"/>
   </TR>
   <TR>
    <TC Value="4"/>
    <TC Value="11721"/>
    <TC Value="0"/>
    <TC Value="1199"/>
    <TC Value="0"/>
    <TC Value="0"/>
    <TC Value="0"/>
   </TR>
  </TABLE>
 </MENU>
 <MENU Name="IP_Forwarding_Table">
  <MENU Name="WIRELESS_NODE_1">
   <TABLE name="WIRELESS_NODE_1">
    <TH name="Network Destination" isShow="true"/>
    <TH name="Netmask/Prefix len" isShow="true"/>
    <TH name="Gateway" isShow="true"/>
    <TH name="Interface" isShow="true"/>
    <TH name="Metrics" isShow="false"/>
    <TH name="Type" isShow="false"/>
    <TR>
     <TC Value="11.1.0.0"/>
     <TC Value="255.255.0.0"/>
     <TC Value="on-link"/>
     <TC Value="11.1.1.1 "/>
     <TC Value="300"/>
     <TC Value="LOCAL"/>
    </TR>
    <TR>
     <TC Value="224.0.0.1"/>
     <TC Value="255.255.255.255"/>
     <TC Value="on-link"/>
     <TC Value="11.1.1.1 "/>
     <TC Value="306"/>
     <TC Value="MULTICAST"/>
    </TR>
    <TR>
     <TC Value="224.0.0.0"/>
     <TC Value="240.0.0.0"/>
     <TC Value="on-link"/>
     <TC Value="11.1.1.1 "/>
     <TC Value="306"/>
     <TC Value="MULTICAST"/>
    </TR>
    <TR>
     <TC Value="255.255.255.255"/>
     <TC Value="255.255.255.255"/>
     <TC Value="on-link"/>
     <TC Value="11.1.1.1 "/>
     <TC Value="999"/>
     <TC Value="BROADCAST"/>
    </TR>
   </TABLE>
  </MENU>
  <MENU Name="WIRELESS_NODE_2">
   <TABLE name="WIRELESS_NODE_2">
    <TH name="Network Destination" isShow="true"/>
    <TH name="Netmask/Prefix len" isShow="true"/>
    <TH name="Gateway" isShow="true"/>
    <TH name="Interface" isShow="true"/>
    <TH name="Metrics" isShow="false"/>
    <TH name="Type" isShow="false"/>
    <TR>
     <TC Value="11.1.0.0"/>
     <TC Value="255.255.0.0"/>
     <TC Value="on-link"/>
     <TC Value="11.1.1.2 "/>
     <TC Value="300"/>
     <TC Value="LOCAL"/>
    </TR>
    <TR>
     <TC Value="224.0.0.1"/>
     <TC Value="255.255.255.255"/>
     <TC Value="on-link"/>
     <TC Value="11.1.1.2 "/>
     <TC Value="306"/>
     <TC Value="MULTICAST"/>
    </TR>
    <TR>
     <TC Value="224.0.0.0"/>
     <TC Value="240.0.0.0"/>
     <TC Value="on-link"/>
     <TC Value="11.1.1.2 "/>
     <TC Value="306"/>
     <TC Value="MULTICAST"/>
    </TR>
    <TR>
     <TC Value="255.255.255.255"/>
     <TC Value="255.255.255.255"/>
     <TC Value="on-link"/>
     <TC Value="11.1.1.2 "/>
     <TC Value="999"/>
     <TC Value="BROADCAST"/>
    </TR>
   </TABLE>
  </MENU>
  <MENU Name="WIRELESS_NODE_3">
   <TABLE name="WIRELESS_NODE_3">
    <TH name="Network Destination" isShow="true"/>
    <TH name="Netmask/Prefix len" isShow="true"/>
    <TH name="Gateway" isShow="true"/>
    <TH name="Interface" isShow="true"/>
    <TH name="Metrics" isShow="false"/>
    <TH name="Type" isShow="false"/>
    <TR>
     <TC Value="11.1.0.0"/>
     <TC Value="255.255.0.0"/>
     <TC Value="on-link"/>
     <TC Value="11.1.1.3 "/>
     <TC Value="300"/>
     <TC Value="LOCAL"/>
    </TR>
    <TR>
     <TC Value="224.0.0.1"/>
     <TC Value="255.255.255.255"/>
     <TC Value="on-link"/>
     <TC Value="11.1.1.3 "/>
     <TC Value="306"/>
     <TC Value="MULTICAST"/>
    </TR>
    <TR>
     <TC Value="224.0.0.0"/>
     <TC Value="240.0.0.0"/>
     <TC Value="on-link"/>
     <TC Value="11.1.1.3 "/>
     <TC Value="306"/>
     <TC Value="MULTICAST"/>
    </TR>
    <TR>
     <TC Value="255.255.255.255"/>
     <TC Value="255.255.255.255"/>
     <TC Value="on-link"/>
     <TC Value="11.1.1.3 "/>
     <TC Value="999"/>
     <TC Value="BROADCAST"/>
    </TR>
   </TABLE>
  </MENU>
  <MENU Name="WIRELESS_NODE_4">
   <TABLE name="WIRELESS_NODE_4">
    <TH name="Network Destination" isShow="true"/>
    <TH name="Netmask/Prefix len" isShow="true"/>
    <TH name="Gateway" isShow="true"/>
    <TH name="Interface" isShow="true"/>
    <TH name="Metrics" isShow="false"/>
    <TH name="Type" isShow="false"/>
    <TR>
     <TC Value="11.1.0.0"/>
     <TC Value="255.255.0.0"/>
     <TC Value="on-link"/>
     <TC Value="11.1.1.4 "/>
     <TC Value="300"/>
     <TC Value="LOCAL"/>
    </TR>
    <TR>
     <TC Value="224.0.0.1"/>
     <TC Value="255.255.255.255"/>
     <TC Value="on-link"/>
     <TC Value="11.1.1.4 "/>
     <TC Value="306"/>
     <TC Value="MULTICAST"/>
    </TR>
    <TR>
     <TC Value="224.0.0.0"/>
     <TC Value="240.0.0.0"/>
     <TC Value="on-link"/>
     <TC Value="11.1.1.4 "/>
     <TC Value="306"/>
     <TC Value="MULTICAST"/>
    </TR>
    <TR>
     <TC Value="255.255.255.255"/>
     <TC Value="255.255.255.255"/>
     <TC Value="on-link"/>
     <TC Value="11.1.1.4 "/>
     <TC Value="999"/>
     <TC Value="BROADCAST"/>
    </TR>
   </TABLE>
  </MENU>
 </MENU>
 <MENU Name="UDP Metrics">
  <TABLE name="UDP Metrics">
   <TH name="Device id" isShow="true"/>
   <TH name="Local address" isShow="true"/>
   <TH name="Foreign address" isShow="true"/>
   <TH name="Datagram sent" isShow="true"/>
   <TH name="Datagram received" isShow="true"/>
   <TR>
    <TC Value="1"/>
    <TC Value="11.1.1.1:82"/>
    <TC Value="11.1.1.4:36934"/>
    <TC Value="3907"/>
    <TC Value="0"/>
   </TR>
   <TR>
    <TC Value="1"/>
    <TC Value="11.1.1.1:12668"/>
    <TC Value="11.1.1.3:53000"/>
    <TC Value="3907"/>
    <TC Value="0"/>
   </TR>
   <TR>
    <TC Value="1"/>
    <TC Value="11.1.1.1:38338"/>
    <TC Value="11.1.1.2:31448"/>
    <TC Value="3907"/>
    <TC Value="0"/>
   </TR>
   <TR>
    <TC Value="1"/>
    <TC Value="11.1.1.1:56290"/>
    <TC Value="11.1.1.2:11410"/>
    <TC Value="0"/>
    <TC Value="236"/>
   </TR>
   <TR>
    <TC Value="1"/>
    <TC Value="11.1.1.1:306"/>
    <TC Value="11.1.1.4:7804"/>
    <TC Value="0"/>
    <TC Value="248"/>
   </TR>
   <TR>
    <TC Value="1"/>
    <TC Value="11.1.1.1:23884"/>
    <TC Value="11.1.1.3:5990"/>
    <TC Value="0"/>
    <TC Value="231"/>
   </TR>
   <TR>
    <TC Value="2"/>
    <TC Value="11.1.1.2:22956"/>
    <TC Value="11.1.1.4:58716"/>
    <TC Value="3907"/>
    <TC Value="0"/>
   </TR>
   <TR>
    <TC Value="2"/>
    <TC Value="11.1.1.2:53924"/>
    <TC Value="11.1.1.3:48928"/>
    <TC Value="3907"/>
    <TC Value="0"/>
   </TR>
   <TR>
    <TC Value="2"/>
    <TC Value="11.1.1.2:11410"/>
    <TC Value="11.1.1.1:56290"/>
    <TC Value="3907"/>
    <TC Value="0"/>
   </TR>
   <TR>
    <TC Value="2"/>
    <TC Value="11.1.1.2:31448"/>
    <TC Value="11.1.1.1:38338"/>
    <TC Value="0"/>
    <TC Value="213"/>
   </TR>
   <TR>
    <TC Value="2"/>
    <TC Value="11.1.1.2:29208"/>
    <TC Value="11.1.1.4:64782"/>
    <TC Value="0"/>
    <TC Value="324"/>
   </TR>
   <TR>
    <TC Value="2"/>
    <TC Value="11.1.1.2:982"/>
    <TC Value="11.1.1.3:19922"/>
    <TC Value="0"/>
    <TC Value="319"/>
   </TR>
   <TR>
    <TC Value="3"/>
    <TC Value="11.1.1.3:46562"/>
    <TC Value="11.1.1.4:33654"/>
    <TC Value="3907"/>
    <TC Value="0"/>
   </TR>
   <TR>
    <TC Value="3"/>
    <TC Value="11.1.1.3:19922"/>
    <TC Value="11.1.1.2:982"/>
    <TC Value="3907"/>
    <TC Value="0"/>
   </TR>
   <TR>
    <TC Value="3"/>
    <TC Value="11.1.1.3:5990"/>
    <TC Value="11.1.1.1:23884"/>
    <TC Value="3907"/>
    <TC Value="0"/>
   </TR>
   <TR>
    <TC Value="3"/>
    <TC Value="11.1.1.3:53000"/>
    <TC Value="11.1.1.1:12668"/>
    <TC Value="0"/>
    <TC Value="322"/>
   </TR>
   <TR>
    <TC Value="3"/>
    <TC Value="11.1.1.3:48928"/>
    <TC Value="11.1.1.2:53924"/>
    <TC Value="0"/>
    <TC Value="326"/>
   </TR>
   <TR>
    <TC Value="3"/>
    <TC Value="11.1.1.3:10872"/>
    <TC Value="11.1.1.4:9654"/>
    <TC Value="0"/>
    <TC Value="425"/>
   </TR>
   <TR>
    <TC Value="4"/>
    <TC Value="11.1.1.4:9654"/>
    <TC Value="11.1.1.3:10872"/>
    <TC Value="3907"/>
    <TC Value="0"/>
   </TR>
   <TR>
    <TC Value="4"/>
    <TC Value="11.1.1.4:64782"/>
    <TC Value="11.1.1.2:29208"/>
    <TC Value="3907"/>
    <TC Value="0"/>
   </TR>
   <TR>
    <TC Value="4"/>
    <TC Value="11.1.1.4:7804"/>
    <TC Value="11.1.1.1:306"/>
    <TC Value="3907"/>
    <TC Value="0"/>
   </TR>
   <TR>
    <TC Value="4"/>
    <TC Value="11.1.1.4:36934"/>
    <TC Value="11.1.1.1:82"/>
    <TC Value="0"/>
    <TC Value="384"/>
   </TR>
   <TR>
    <TC Value="4"/>
    <TC Value="11.1.1.4:58716"/>
    <TC Value="11.1.1.2:22956"/>
    <TC Value="0"/>
    <TC Value="424"/>
   </TR>
   <TR>
    <TC Value="4"/>
    <TC Value="11.1.1.4:33654"/>
    <TC Value="11.1.1.3:46562"/>
    <TC Value="0"/>
    <TC Value="391"/>
   </TR>
  </TABLE>
 </MENU>
 <MENU Name="IEEE802.11_Metrics">
  <TABLE name="IEEE802.11_Metrics">
   <TH name="DeviceId" isShow="true"/>
   <TH name="InterfaceId" isShow="true"/>
   <TH name="Frame Sent" isShow="true"/>
   <TH name="Frame Received" isShow="false"/>
   <TH name="RTS Sent" isShow="false"/>
   <TH name="RTS Received" isShow="false"/>
   <TH name="CTS Sent" isShow="false"/>
   <TH name="CTS Received" isShow="false"/>
   <TH name="Successful Backoff" isShow="false"/>
   <TH name="Failed Backoff" isShow="false"/>
   <TR>
    <TC Value="1"/>
    <TC Value="1"/>
    <TC Value="0"/>
    <TC Value="715"/>
    <TC Value="0"/>
    <TC Value="0"/>
    <TC Value="0"/>
    <TC Value="0"/>
    <TC Value="0"/>
    <TC Value="0"/>
   </TR>
   <TR>
    <TC Value="1"/>
    <TC Value="1"/>
    <TC Value="4368"/>
    <TC Value="0"/>
    <TC Value="0"/>
    <TC Value="0"/>
    <TC Value="0"/>
    <TC Value="0"/>
    <TC Value="1630"/>
    <TC Value="0"/>
   </TR>
   <TR>
    <TC Value="1"/>
    <TC Value="1"/>
    <TC Value="0"/>
    <TC Value="0"/>
    <TC Value="0"/>
    <TC Value="0"/>
    <TC Value="0"/>
    <TC Value="0"/>
    <TC Value="0"/>
    <TC Value="0"/>
   </TR>
   <TR>
    <TC Value="1"/>
    <TC Value="1"/>
    <TC Value="0"/>
    <TC Value="0"/>
    <TC Value="0"/>
    <TC Value="0"/>
    <TC Value="0"/>
    <TC Value="0"/>
    <TC Value="0"/>
    <TC Value="0"/>
   </TR>
   <TR>
    <TC Value="2"/>
    <TC Value="1"/>
    <TC Value="0"/>
    <TC Value="856"/>
    <TC Value="0"/>
    <TC Value="0"/>
    <TC Value="0"/>
    <TC Value="0"/>
    <TC Value="0"/>
    <TC Value="0"/>
   </TR>
   <TR>
    <TC Value="2"/>
    <TC Value="1"/>
    <TC Value="4462"/>
    <TC Value="0"/>
    <TC Value="0"/>
    <TC Value="0"/>
    <TC Value="0"/>
    <TC Value="0"/>
    <TC Value="1672"/>
    <TC Value="0"/>
   </TR>
   <TR>
    <TC Value="2"/>
    <TC Value="1"/>
    <TC Value="0"/>
    <TC Value="0"/>
    <TC Value="0"/>
    <TC Value="0"/>
    <TC Value="0"/>
    <TC Value="0"/>
    <TC Value="0"/>
    <TC Value="0"/>
   </TR>
   <TR>
    <TC Value="2"/>
    <TC Value="1"/>
    <TC Value="0"/>
    <TC Value="0"/>
    <TC Value="0"/>
    <TC Value="0"/>
    <TC Value="0"/>
    <TC Value="0"/>
    <TC Value="0"/>
    <TC Value="0"/>
   </TR>
   <TR>
    <TC Value="3"/>
    <TC Value="1"/>
    <TC Value="0"/>
    <TC Value="1073"/>
    <TC Value="0"/>
    <TC Value="0"/>
    <TC Value="0"/>
    <TC Value="0"/>
    <TC Value="0"/>
    <TC Value="0"/>
   </TR>
   <TR>
    <TC Value="3"/>
    <TC Value="1"/>
    <TC Value="4398"/>
    <TC Value="0"/>
    <TC Value="0"/>
    <TC Value="0"/>
    <TC Value="0"/>
    <TC Value="0"/>
    <TC Value="1656"/>
    <TC Value="0"/>
   </TR>
   <TR>
    <TC Value="3"/>
    <TC Value="1"/>
    <TC Value="0"/>
    <TC Value="0"/>
    <TC Value="0"/>
    <TC Value="0"/>
    <TC Value="0"/>
    <TC Value="0"/>
    <TC Value="0"/>
    <TC Value="0"/>
   </TR>
   <TR>
    <TC Value="3"/>
    <TC Value="1"/>
    <TC Value="0"/>
    <TC Value="0"/>
    <TC Value="0"/>
    <TC Value="0"/>
    <TC Value="0"/>
    <TC Value="0"/>
    <TC Value="0"/>
    <TC Value="0"/>
   </TR>
   <TR>
    <TC Value="4"/>
    <TC Value="1"/>
    <TC Value="0"/>
    <TC Value="1199"/>
    <TC Value="0"/>
    <TC Value="0"/>
    <TC Value="0"/>
    <TC Value="0"/>
    <TC Value="0"/>
    <TC Value="0"/>
   </TR>
   <TR>
    <TC Value="4"/>
    <TC Value="1"/>
    <TC Value="4515"/>
    <TC Value="0"/>
    <TC Value="0"/>
    <TC Value="0"/>
    <TC Value="0"/>
    <TC Value="0"/>
    <TC Value="1683"/>
    <TC Value="0"/>
   </TR>
   <TR>
    <TC Value="4"/>
    <TC Value="1"/>
    <TC Value="0"/>
    <TC Value="0"/>
    <TC Value="0"/>
    <TC Value="0"/>
    <TC Value="0"/>
    <TC Value="0"/>
    <TC Value="0"/>
    <TC Value="0"/>
   </TR>
   <TR>
    <TC Value="4"/>
    <TC Value="1"/>
    <TC Value="0"/>
    <TC Value="0"/>
    <TC Value="0"/>
    <TC Value="0"/>
    <TC Value="0"/>
    <TC Value="0"/>
    <TC Value="0"/>
    <TC Value="0"/>
   </TR>
   <TR>
    <TC Value="5"/>
    <TC Value="1"/>
    <TC Value="0"/>
    <TC Value="16652"/>
    <TC Value="0"/>
    <TC Value="0"/>
    <TC Value="0"/>
    <TC Value="0"/>
    <TC Value="0"/>
    <TC Value="0"/>
   </TR>
   <TR>
    <TC Value="5"/>
    <TC Value="1"/>
    <TC Value="4141"/>
    <TC Value="0"/>
    <TC Value="0"/>
    <TC Value="0"/>
    <TC Value="0"/>
    <TC Value="0"/>
    <TC Value="1579"/>
    <TC Value="0"/>
   </TR>
   <TR>
    <TC Value="5"/>
    <TC Value="1"/>
    <TC Value="0"/>
    <TC Value="0"/>
    <TC Value="0"/>
    <TC Value="0"/>
    <TC Value="0"/>
    <TC Value="0"/>
    <TC Value="0"/>
    <TC Value="0"/>
   </TR>
   <TR>
    <TC Value="5"/>
    <TC Value="1"/>
    <TC Value="0"/>
    <TC Value="0"/>
    <TC Value="0"/>
    <TC Value="0"/>
    <TC Value="0"/>
    <TC Value="0"/>
    <TC Value="0"/>
    <TC Value="0"/>
   </TR>
  </TABLE>
 </MENU>
 <MENU Name="Application_Metrics">
  <TABLE name="Application_Metrics">
   <TH name="Application Id" isShow="true"/>
   <TH name="Application Name" isShow="true"/>
   <TH name="Source Id" isShow="false"/>
   <TH name="Destination Id" isShow="false"/>
   <TH name="Packet generated" isShow="true"/>
   <TH name="Packet received" isShow="true"/>
   <TH name="Payload generated (bytes)" isShow="false"/>
   <TH name="Payload received (bytes)" isShow="false"/>
   <TH name="Throughput (Mbps)" isShow="true"/>
   <TH name="Delay(microsec)" isShow="true"/>
   <TH name="Jitter(microsec)" isShow="true"/>
   <TR>
    <TC Value="1"/>
    <TC Value="App1_CBR"/>
    <TC Value="1"/>
    <TC Value="4"/>
    <TC Value="3907"/>
    <TC Value="384"/>
    <TC Value="3125600"/>
    <TC Value="307200"/>
    <TC Value="0.098304"/>
    <TC Value="1008450.139376"/>
    <TC Value="12702.704413"/>
   </TR>
   <TR>
    <TC Value="2"/>
    <TC Value="App2_CBR"/>
    <TC Value="1"/>
    <TC Value="3"/>
    <TC Value="3907"/>
    <TC Value="322"/>
    <TC Value="3125600"/>
    <TC Value="257600"/>
    <TC Value="0.082432"/>
    <TC Value="1009650.975466"/>
    <TC Value="14515.099190"/>
   </TR>
   <TR>
    <TC Value="3"/>
    <TC Value="App3_CBR"/>
    <TC Value="1"/>
    <TC Value="2"/>
    <TC Value="3907"/>
    <TC Value="213"/>
    <TC Value="3125600"/>
    <TC Value="170400"/>
    <TC Value="0.054528"/>
    <TC Value="1010091.867888"/>
    <TC Value="24253.356085"/>
   </TR>
   <TR>
    <TC Value="4"/>
    <TC Value="App4_CBR"/>
    <TC Value="2"/>
    <TC Value="4"/>
    <TC Value="3907"/>
    <TC Value="424"/>
    <TC Value="3125600"/>
    <TC Value="339200"/>
    <TC Value="0.108544"/>
    <TC Value="1012338.200849"/>
    <TC Value="13792.228676"/>
   </TR>
   <TR>
    <TC Value="5"/>
    <TC Value="App5_CBR"/>
    <TC Value="2"/>
    <TC Value="3"/>
    <TC Value="3907"/>
    <TC Value="326"/>
    <TC Value="3125600"/>
    <TC Value="260800"/>
    <TC Value="0.083456"/>
    <TC Value="1015092.934724"/>
    <TC Value="20729.380215"/>
   </TR>
   <TR>
    <TC Value="6"/>
    <TC Value="App6_CBR"/>
    <TC Value="2"/>
    <TC Value="1"/>
    <TC Value="3907"/>
    <TC Value="236"/>
    <TC Value="3125600"/>
    <TC Value="188800"/>
    <TC Value="0.060416"/>
    <TC Value="1011034.670339"/>
    <TC Value="18139.239957"/>
   </TR>
   <TR>
    <TC Value="7"/>
    <TC Value="App7_CBR"/>
    <TC Value="3"/>
    <TC Value="4"/>
    <TC Value="3907"/>
    <TC Value="391"/>
    <TC Value="3125600"/>
    <TC Value="312800"/>
    <TC Value="0.100096"/>
    <TC Value="1015744.741458"/>
    <TC Value="14994.534949"/>
   </TR>
   <TR>
    <TC Value="8"/>
    <TC Value="App8_CBR"/>
    <TC Value="3"/>
    <TC Value="2"/>
    <TC Value="3907"/>
    <TC Value="319"/>
    <TC Value="3125600"/>
    <TC Value="255200"/>
    <TC Value="0.081664"/>
    <TC Value="1017092.506458"/>
    <TC Value="16945.697359"/>
   </TR>
   <TR>
    <TC Value="9"/>
    <TC Value="App9_CBR"/>
    <TC Value="3"/>
    <TC Value="1"/>
    <TC Value="3907"/>
    <TC Value="231"/>
    <TC Value="3125600"/>
    <TC Value="184800"/>
    <TC Value="0.059136"/>
    <TC Value="1022102.179740"/>
    <TC Value="24298.337261"/>
   </TR>
   <TR>
    <TC Value="10"/>
    <TC Value="App10_CBR"/>
    <TC Value="4"/>
    <TC Value="3"/>
    <TC Value="3907"/>
    <TC Value="425"/>
    <TC Value="3125600"/>
    <TC Value="340000"/>
    <TC Value="0.108800"/>
    <TC Value="1015694.719765"/>
    <TC Value="14105.041297"/>
   </TR>
   <TR>
    <TC Value="11"/>
    <TC Value="App11_CBR"/>
    <TC Value="4"/>
    <TC Value="2"/>
    <TC Value="3907"/>
    <TC Value="324"/>
    <TC Value="3125600"/>
    <TC Value="259200"/>
    <TC Value="0.082944"/>
    <TC Value="1014948.895155"/>
    <TC Value="15474.321703"/>
   </TR>
   <TR>
    <TC Value="12"/>
    <TC Value="App12_CBR"/>
    <TC Value="4"/>
    <TC Value="1"/>
    <TC Value="3907"/>
    <TC Value="248"/>
    <TC Value="3125600"/>
    <TC Value="198400"/>
    <TC Value="0.063488"/>
    <TC Value="1019234.295766"/>
    <TC Value="20178.707976"/>
   </TR>
  </TABLE>
 </MENU>
</NetSim_Metrics>
