<?xml version="1.0" encoding="ISO-8859-1"?>
<NetSim_Metrics>
 <!--NETSIM_METRICS-->
 <MENU Name="Link_Metrics">
  <TABLE name="Link_Metrics">
   <TH name="Link_id" isShow="true"/>
   <TH name="Link_throughput_plot" isShow="true"/>
   <TH name="Packet_transmitted" isShow="true">
    <TH name="Data"/>
    <TH name="Control"/>
   </TH>
   <TH name="Packet_errored" isShow="true">
    <TH name="Data"/>
    <TH name="Control"/>
   </TH>
   <TH name="Packet_collided" isShow="true">
    <TH name="Data"/>
    <TH name="Control"/>
   </TH>
   <TH name="Bytes_transmitted(bytes)" isShow="false"/>
   <TH name="Payload_transmitted(bytes)" isShow="false"/>
   <TH name="Overhead_transmitted(bytes)" isShow="false"/>
   <TR>
    <TC Value="All"/>
    <TC Value="NA"/>
    <TC Value="17731"/>
    <TC Value="29151"/>
    <TC Value="0"/>
    <TC Value="0"/>
    <TC Value="33"/>
    <TC Value="1060"/>
    <TC Value="15836164"/>
    <TC Value="14158400"/>
    <TC Value="1677764"/>
   </TR>
   <TR>
    <TC Value="1"/>
    <TC Value="NA"/>
    <TC Value="17731"/>
    <TC Value="29151"/>
    <TC Value="0"/>
    <TC Value="0"/>
    <TC Value="33"/>
    <TC Value="1060"/>
    <TC Value="15836164"/>
    <TC Value="14158400"/>
    <TC Value="1677764"/>
   </TR>
  </TABLE>
 </MENU>
 <MENU Name="Queue_Metrics">
  <TABLE name="Queue_Metrics">
   <TH name="Device_id" isShow="true"/>
   <TH name="Port_id" isShow="true"/>
   <TH name="Queued_packet" isShow="true"/>
   <TH name="Dequeued_packet" isShow="true"/>
   <TH name="Dropped_packet" isShow="true"/>
  </TABLE>
 </MENU>
 <MENU Name="TCP_Metrics">
  <TABLE name="TCP_Metrics">
   <TH name="Source" isShow="true"/>
   <TH name="Destination" isShow="true"/>
   <TH name="Local Address" isShow="false"/>
   <TH name="Remote Address" isShow="false"/>
   <TH name="Syn Sent" isShow="false"/>
   <TH name="Syn-Ack Sent" isShow="false"/>
   <TH name="Segment Sent" isShow="true"/>
   <TH name="Segment Received" isShow="true"/>
   <TH name="Segment Retransmitted" isShow="false"/>
   <TH name="Ack Sent" isShow="true"/>
   <TH name="Ack Received" isShow="true"/>
   <TH name="Duplicate segment received" isShow="false"/>
   <TH name="Out of order segment received" isShow="false"/>
   <TH name="Duplicate ack received" isShow="true"/>
   <TH name="Times RTO expired" isShow="false"/>
   <TR>
    <TC Value="WIRELESS_NODE_1"/>
    <TC Value="ANY_DEVICE"/>
    <TC Value="11.1.1.1:0"/>
    <TC Value="0.0.0.0:0"/>
    <TC Value="0"/>
    <TC Value="0"/>
    <TC Value="0"/>
    <TC Value="0"/>
    <TC Value="0"/>
    <TC Value="0"/>
    <TC Value="0"/>
    <TC Value="0"/>
    <TC Value="0"/>
    <TC Value="0"/>
    <TC Value="0"/>
   </TR>
   <TR>
    <TC Value="WIRELESS_NODE_2"/>
    <TC Value="ANY_DEVICE"/>
    <TC Value="11.1.1.2:0"/>
    <TC Value="0.0.0.0:0"/>
    <TC Value="0"/>
    <TC Value="0"/>
    <TC Value="0"/>
    <TC Value="0"/>
    <TC Value="0"/>
    <TC Value="0"/>
    <TC Value="0"/>
    <TC Value="0"/>
    <TC Value="0"/>
    <TC Value="0"/>
    <TC Value="0"/>
   </TR>
   <TR>
    <TC Value="WIRELESS_NODE_3"/>
    <TC Value="ANY_DEVICE"/>
    <TC Value="11.1.1.3:0"/>
    <TC Value="0.0.0.0:0"/>
    <TC Value="0"/>
    <TC Value="0"/>
    <TC Value="0"/>
    <TC Value="0"/>
    <TC Value="0"/>
    <TC Value="0"/>
    <TC Value="0"/>
    <TC Value="0"/>
    <TC Value="0"/>
    <TC Value="0"/>
    <TC Value="0"/>
   </TR>
   <TR>
    <TC Value="WIRELESS_NODE_4"/>
    <TC Value="ANY_DEVICE"/>
    <TC Value="11.1.1.4:0"/>
    <TC Value="0.0.0.0:0"/>
    <TC Value="0"/>
    <TC Value="0"/>
    <TC Value="0"/>
    <TC Value="0"/>
    <TC Value="0"/>
    <TC Value="0"/>
    <TC Value="0"/>
    <TC Value="0"/>
    <TC Value="0"/>
    <TC Value="0"/>
    <TC Value="0"/>
   </TR>
  </TABLE>
 </MENU>
 <MENU Name="IP_Metrics">
  <TABLE name="IP_Metrics">
   <TH name="Device Id" isShow="true"/>
   <TH name="Packet sent" isShow="true"/>
   <TH name="Packet forwarded" isShow="true"/>
   <TH name="Packet received" isShow="true"/>
   <TH name="Packet discarded" isShow="false"/>
   <TH name="TTL expired" isShow="false"/>
   <TH name="Firewall blocked" isShow="false"/>
   <TR>
    <TC Value="1"/>
    <TC Value="11721"/>
    <TC Value="0"/>
    <TC Value="691"/>
    <TC Value="0"/>
    <TC Value="0"/>
    <TC Value="0"/>
   </TR>
   <TR>
    <TC Value="2"/>
    <TC Value="11721"/>
    <TC Value="0"/>
    <TC Value="842"/>
    <TC Value="0"/>
    <TC Value="0"/>
    <TC Value="0"/>
   </TR>
   <TR>
    <TC Value="3"/>
    <TC Value="11721"/>
    <TC Value="0"/>
    <TC Value="1053"/>
    <TC Value="0"/>
    <TC Value="0"/>
    <TC Value="0"/>
   </TR>
   <TR>
    <TC Value="4"/>
    <TC Value="11721"/>
    <TC Value="0"/>
    <TC Value="1329"/>
    <TC Value="0"/>
    <TC Value="0"/>
    <TC Value="0"/>
   </TR>
  </TABLE>
 </MENU>
 <MENU Name="IP_Forwarding_Table">
  <MENU Name="WIRELESS_NODE_1">
   <TABLE name="WIRELESS_NODE_1">
    <TH name="Network Destination" isShow="true"/>
    <TH name="Netmask/Prefix len" isShow="true"/>
    <TH name="Gateway" isShow="true"/>
    <TH name="Interface" isShow="true"/>
    <TH name="Metrics" isShow="false"/>
    <TH name="Type" isShow="false"/>
    <TR>
     <TC Value="11.1.0.0"/>
     <TC Value="255.255.0.0"/>
     <TC Value="on-link"/>
     <TC Value="11.1.1.1 "/>
     <TC Value="300"/>
     <TC Value="LOCAL"/>
    </TR>
    <TR>
     <TC Value="224.0.0.1"/>
     <TC Value="255.255.255.255"/>
     <TC Value="on-link"/>
     <TC Value="11.1.1.1 "/>
     <TC Value="306"/>
     <TC Value="MULTICAST"/>
    </TR>
    <TR>
     <TC Value="224.0.0.0"/>
     <TC Value="240.0.0.0"/>
     <TC Value="on-link"/>
     <TC Value="11.1.1.1 "/>
     <TC Value="306"/>
     <TC Value="MULTICAST"/>
    </TR>
    <TR>
     <TC Value="255.255.255.255"/>
     <TC Value="255.255.255.255"/>
     <TC Value="on-link"/>
     <TC Value="11.1.1.1 "/>
     <TC Value="999"/>
     <TC Value="BROADCAST"/>
    </TR>
   </TABLE>
  </MENU>
  <MENU Name="WIRELESS_NODE_2">
   <TABLE name="WIRELESS_NODE_2">
    <TH name="Network Destination" isShow="true"/>
    <TH name="Netmask/Prefix len" isShow="true"/>
    <TH name="Gateway" isShow="true"/>
    <TH name="Interface" isShow="true"/>
    <TH name="Metrics" isShow="false"/>
    <TH name="Type" isShow="false"/>
    <TR>
     <TC Value="11.1.0.0"/>
     <TC Value="255.255.0.0"/>
     <TC Value="on-link"/>
     <TC Value="11.1.1.2 "/>
     <TC Value="300"/>
     <TC Value="LOCAL"/>
    </TR>
    <TR>
     <TC Value="224.0.0.1"/>
     <TC Value="255.255.255.255"/>
     <TC Value="on-link"/>
     <TC Value="11.1.1.2 "/>
     <TC Value="306"/>
     <TC Value="MULTICAST"/>
    </TR>
    <TR>
     <TC Value="224.0.0.0"/>
     <TC Value="240.0.0.0"/>
     <TC Value="on-link"/>
     <TC Value="11.1.1.2 "/>
     <TC Value="306"/>
     <TC Value="MULTICAST"/>
    </TR>
    <TR>
     <TC Value="255.255.255.255"/>
     <TC Value="255.255.255.255"/>
     <TC Value="on-link"/>
     <TC Value="11.1.1.2 "/>
     <TC Value="999"/>
     <TC Value="BROADCAST"/>
    </TR>
   </TABLE>
  </MENU>
  <MENU Name="WIRELESS_NODE_3">
   <TABLE name="WIRELESS_NODE_3">
    <TH name="Network Destination" isShow="true"/>
    <TH name="Netmask/Prefix len" isShow="true"/>
    <TH name="Gateway" isShow="true"/>
    <TH name="Interface" isShow="true"/>
    <TH name="Metrics" isShow="false"/>
    <TH name="Type" isShow="false"/>
    <TR>
     <TC Value="11.1.0.0"/>
     <TC Value="255.255.0.0"/>
     <TC Value="on-link"/>
     <TC Value="11.1.1.3 "/>
     <TC Value="300"/>
     <TC Value="LOCAL"/>
    </TR>
    <TR>
     <TC Value="224.0.0.1"/>
     <TC Value="255.255.255.255"/>
     <TC Value="on-link"/>
     <TC Value="11.1.1.3 "/>
     <TC Value="306"/>
     <TC Value="MULTICAST"/>
    </TR>
    <TR>
     <TC Value="224.0.0.0"/>
     <TC Value="240.0.0.0"/>
     <TC Value="on-link"/>
     <TC Value="11.1.1.3 "/>
     <TC Value="306"/>
     <TC Value="MULTICAST"/>
    </TR>
    <TR>
     <TC Value="255.255.255.255"/>
     <TC Value="255.255.255.255"/>
     <TC Value="on-link"/>
     <TC Value="11.1.1.3 "/>
     <TC Value="999"/>
     <TC Value="BROADCAST"/>
    </TR>
   </TABLE>
  </MENU>
  <MENU Name="WIRELESS_NODE_4">
   <TABLE name="WIRELESS_NODE_4">
    <TH name="Network Destination" isShow="true"/>
    <TH name="Netmask/Prefix len" isShow="true"/>
    <TH name="Gateway" isShow="true"/>
    <TH name="Interface" isShow="true"/>
    <TH name="Metrics" isShow="false"/>
    <TH name="Type" isShow="false"/>
    <TR>
     <TC Value="11.1.0.0"/>
     <TC Value="255.255.0.0"/>
     <TC Value="on-link"/>
     <TC Value="11.1.1.4 "/>
     <TC Value="300"/>
     <TC Value="LOCAL"/>
    </TR>
    <TR>
     <TC Value="224.0.0.1"/>
     <TC Value="255.255.255.255"/>
     <TC Value="on-link"/>
     <TC Value="11.1.1.4 "/>
     <TC Value="306"/>
     <TC Value="MULTICAST"/>
    </TR>
    <TR>
     <TC Value="224.0.0.0"/>
     <TC Value="240.0.0.0"/>
     <TC Value="on-link"/>
     <TC Value="11.1.1.4 "/>
     <TC Value="306"/>
     <TC Value="MULTICAST"/>
    </TR>
    <TR>
     <TC Value="255.255.255.255"/>
     <TC Value="255.255.255.255"/>
     <TC Value="on-link"/>
     <TC Value="11.1.1.4 "/>
     <TC Value="999"/>
     <TC Value="BROADCAST"/>
    </TR>
   </TABLE>
  </MENU>
 </MENU>
 <MENU Name="UDP Metrics">
  <TABLE name="UDP Metrics">
   <TH name="Device id" isShow="true"/>
   <TH name="Local address" isShow="true"/>
   <TH name="Foreign address" isShow="true"/>
   <TH name="Datagram sent" isShow="true"/>
   <TH name="Datagram received" isShow="true"/>
   <TR>
    <TC Value="1"/>
    <TC Value="11.1.1.1:82"/>
    <TC Value="11.1.1.4:36934"/>
    <TC Value="3907"/>
    <TC Value="0"/>
   </TR>
   <TR>
    <TC Value="1"/>
    <TC Value="11.1.1.1:12668"/>
    <TC Value="11.1.1.3:53000"/>
    <TC Value="3907"/>
    <TC Value="0"/>
   </TR>
   <TR>
    <TC Value="1"/>
    <TC Value="11.1.1.1:38338"/>
    <TC Value="11.1.1.2:31448"/>
    <TC Value="3907"/>
    <TC Value="0"/>
   </TR>
   <TR>
    <TC Value="1"/>
    <TC Value="11.1.1.1:56290"/>
    <TC Value="11.1.1.2:11410"/>
    <TC Value="0"/>
    <TC Value="263"/>
   </TR>
   <TR>
    <TC Value="1"/>
    <TC Value="11.1.1.1:306"/>
    <TC Value="11.1.1.4:7804"/>
    <TC Value="0"/>
    <TC Value="235"/>
   </TR>
   <TR>
    <TC Value="1"/>
    <TC Value="11.1.1.1:23884"/>
    <TC Value="11.1.1.3:5990"/>
    <TC Value="0"/>
    <TC Value="193"/>
   </TR>
   <TR>
    <TC Value="2"/>
    <TC Value="11.1.1.2:22956"/>
    <TC Value="11.1.1.4:58716"/>
    <TC Value="3907"/>
    <TC Value="0"/>
   </TR>
   <TR>
    <TC Value="2"/>
    <TC Value="11.1.1.2:53924"/>
    <TC Value="11.1.1.3:48928"/>
    <TC Value="3907"/>
    <TC Value="0"/>
   </TR>
   <TR>
    <TC Value="2"/>
    <TC Value="11.1.1.2:11410"/>
    <TC Value="11.1.1.1:56290"/>
    <TC Value="3907"/>
    <TC Value="0"/>
   </TR>
   <TR>
    <TC Value="2"/>
    <TC Value="11.1.1.2:31448"/>
    <TC Value="11.1.1.1:38338"/>
    <TC Value="0"/>
    <TC Value="218"/>
   </TR>
   <TR>
    <TC Value="2"/>
    <TC Value="11.1.1.2:29208"/>
    <TC Value="11.1.1.4:64782"/>
    <TC Value="0"/>
    <TC Value="342"/>
   </TR>
   <TR>
    <TC Value="2"/>
    <TC Value="11.1.1.2:982"/>
    <TC Value="11.1.1.3:19922"/>
    <TC Value="0"/>
    <TC Value="282"/>
   </TR>
   <TR>
    <TC Value="3"/>
    <TC Value="11.1.1.3:46562"/>
    <TC Value="11.1.1.4:33654"/>
    <TC Value="3907"/>
    <TC Value="0"/>
   </TR>
   <TR>
    <TC Value="3"/>
    <TC Value="11.1.1.3:19922"/>
    <TC Value="11.1.1.2:982"/>
    <TC Value="3907"/>
    <TC Value="0"/>
   </TR>
   <TR>
    <TC Value="3"/>
    <TC Value="11.1.1.3:5990"/>
    <TC Value="11.1.1.1:23884"/>
    <TC Value="3907"/>
    <TC Value="0"/>
   </TR>
   <TR>
    <TC Value="3"/>
    <TC Value="11.1.1.3:53000"/>
    <TC Value="11.1.1.1:12668"/>
    <TC Value="0"/>
    <TC Value="279"/>
   </TR>
   <TR>
    <TC Value="3"/>
    <TC Value="11.1.1.3:48928"/>
    <TC Value="11.1.1.2:53924"/>
    <TC Value="0"/>
    <TC Value="305"/>
   </TR>
   <TR>
    <TC Value="3"/>
    <TC Value="11.1.1.3:10872"/>
    <TC Value="11.1.1.4:9654"/>
    <TC Value="0"/>
    <TC Value="469"/>
   </TR>
   <TR>
    <TC Value="4"/>
    <TC Value="11.1.1.4:9654"/>
    <TC Value="11.1.1.3:10872"/>
    <TC Value="3907"/>
    <TC Value="0"/>
   </TR>
   <TR>
    <TC Value="4"/>
    <TC Value="11.1.1.4:64782"/>
    <TC Value="11.1.1.2:29208"/>
    <TC Value="3907"/>
    <TC Value="0"/>
   </TR>
   <TR>
    <TC Value="4"/>
    <TC Value="11.1.1.4:7804"/>
    <TC Value="11.1.1.1:306"/>
    <TC Value="3907"/>
    <TC Value="0"/>
   </TR>
   <TR>
    <TC Value="4"/>
    <TC Value="11.1.1.4:36934"/>
    <TC Value="11.1.1.1:82"/>
    <TC Value="0"/>
    <TC Value="453"/>
   </TR>
   <TR>
    <TC Value="4"/>
    <TC Value="11.1.1.4:58716"/>
    <TC Value="11.1.1.2:22956"/>
    <TC Value="0"/>
    <TC Value="447"/>
   </TR>
   <TR>
    <TC Value="4"/>
    <TC Value="11.1.1.4:33654"/>
    <TC Value="11.1.1.3:46562"/>
    <TC Value="0"/>
    <TC Value="429"/>
   </TR>
  </TABLE>
 </MENU>
 <MENU Name="IEEE802.11_Metrics">
  <TABLE name="IEEE802.11_Metrics">
   <TH name="DeviceId" isShow="true"/>
   <TH name="InterfaceId" isShow="true"/>
   <TH name="Frame Sent" isShow="true"/>
   <TH name="Frame Received" isShow="false"/>
   <TH name="RTS Sent" isShow="false"/>
   <TH name="RTS Received" isShow="false"/>
   <TH name="CTS Sent" isShow="false"/>
   <TH name="CTS Received" isShow="false"/>
   <TH name="Successful Backoff" isShow="false"/>
   <TH name="Failed Backoff" isShow="false"/>
   <TR>
    <TC Value="1"/>
    <TC Value="1"/>
    <TC Value="0"/>
    <TC Value="691"/>
    <TC Value="0"/>
    <TC Value="0"/>
    <TC Value="0"/>
    <TC Value="0"/>
    <TC Value="0"/>
    <TC Value="0"/>
   </TR>
   <TR>
    <TC Value="1"/>
    <TC Value="1"/>
    <TC Value="3305"/>
    <TC Value="0"/>
    <TC Value="1249"/>
    <TC Value="0"/>
    <TC Value="0"/>
    <TC Value="1248"/>
    <TC Value="1516"/>
    <TC Value="0"/>
   </TR>
   <TR>
    <TC Value="1"/>
    <TC Value="1"/>
    <TC Value="0"/>
    <TC Value="0"/>
    <TC Value="0"/>
    <TC Value="0"/>
    <TC Value="0"/>
    <TC Value="0"/>
    <TC Value="0"/>
    <TC Value="0"/>
   </TR>
   <TR>
    <TC Value="1"/>
    <TC Value="1"/>
    <TC Value="0"/>
    <TC Value="0"/>
    <TC Value="0"/>
    <TC Value="0"/>
    <TC Value="0"/>
    <TC Value="0"/>
    <TC Value="0"/>
    <TC Value="0"/>
   </TR>
   <TR>
    <TC Value="2"/>
    <TC Value="1"/>
    <TC Value="0"/>
    <TC Value="842"/>
    <TC Value="0"/>
    <TC Value="0"/>
    <TC Value="0"/>
    <TC Value="0"/>
    <TC Value="0"/>
    <TC Value="0"/>
   </TR>
   <TR>
    <TC Value="2"/>
    <TC Value="1"/>
    <TC Value="3592"/>
    <TC Value="0"/>
    <TC Value="1349"/>
    <TC Value="0"/>
    <TC Value="0"/>
    <TC Value="1348"/>
    <TC Value="1607"/>
    <TC Value="0"/>
   </TR>
   <TR>
    <TC Value="2"/>
    <TC Value="1"/>
    <TC Value="0"/>
    <TC Value="0"/>
    <TC Value="0"/>
    <TC Value="0"/>
    <TC Value="0"/>
    <TC Value="0"/>
    <TC Value="0"/>
    <TC Value="0"/>
   </TR>
   <TR>
    <TC Value="2"/>
    <TC Value="1"/>
    <TC Value="0"/>
    <TC Value="0"/>
    <TC Value="0"/>
    <TC Value="0"/>
    <TC Value="0"/>
    <TC Value="0"/>
    <TC Value="0"/>
    <TC Value="0"/>
   </TR>
   <TR>
    <TC Value="3"/>
    <TC Value="1"/>
    <TC Value="0"/>
    <TC Value="1053"/>
    <TC Value="0"/>
    <TC Value="0"/>
    <TC Value="0"/>
    <TC Value="0"/>
    <TC Value="0"/>
    <TC Value="0"/>
   </TR>
   <TR>
    <TC Value="3"/>
    <TC Value="1"/>
    <TC Value="3370"/>
    <TC Value="0"/>
    <TC Value="1275"/>
    <TC Value="0"/>
    <TC Value="0"/>
    <TC Value="1274"/>
    <TC Value="1547"/>
    <TC Value="0"/>
   </TR>
   <TR>
    <TC Value="3"/>
    <TC Value="1"/>
    <TC Value="0"/>
    <TC Value="0"/>
    <TC Value="0"/>
    <TC Value="0"/>
    <TC Value="0"/>
    <TC Value="0"/>
    <TC Value="0"/>
    <TC Value="0"/>
   </TR>
   <TR>
    <TC Value="3"/>
    <TC Value="1"/>
    <TC Value="0"/>
    <TC Value="0"/>
    <TC Value="0"/>
    <TC Value="0"/>
    <TC Value="0"/>
    <TC Value="0"/>
    <TC Value="0"/>
    <TC Value="0"/>
   </TR>
   <TR>
    <TC Value="4"/>
    <TC Value="1"/>
    <TC Value="0"/>
    <TC Value="1329"/>
    <TC Value="0"/>
    <TC Value="0"/>
    <TC Value="0"/>
    <TC Value="0"/>
    <TC Value="0"/>
    <TC Value="0"/>
   </TR>
   <TR>
    <TC Value="4"/>
    <TC Value="1"/>
    <TC Value="3516"/>
    <TC Value="0"/>
    <TC Value="1327"/>
    <TC Value="0"/>
    <TC Value="0"/>
    <TC Value="1327"/>
    <TC Value="1599"/>
    <TC Value="0"/>
   </TR>
   <TR>
    <TC Value="4"/>
    <TC Value="1"/>
    <TC Value="0"/>
    <TC Value="0"/>
    <TC Value="0"/>
    <TC Value="0"/>
    <TC Value="0"/>
    <TC Value="0"/>
    <TC Value="0"/>
    <TC Value="0"/>
   </TR>
   <TR>
    <TC Value="4"/>
    <TC Value="1"/>
    <TC Value="0"/>
    <TC Value="0"/>
    <TC Value="0"/>
    <TC Value="0"/>
    <TC Value="0"/>
    <TC Value="0"/>
    <TC Value="0"/>
    <TC Value="0"/>
   </TR>
   <TR>
    <TC Value="5"/>
    <TC Value="1"/>
    <TC Value="0"/>
    <TC Value="13783"/>
    <TC Value="0"/>
    <TC Value="5197"/>
    <TC Value="5197"/>
    <TC Value="0"/>
    <TC Value="0"/>
    <TC Value="0"/>
   </TR>
   <TR>
    <TC Value="5"/>
    <TC Value="1"/>
    <TC Value="4193"/>
    <TC Value="0"/>
    <TC Value="0"/>
    <TC Value="0"/>
    <TC Value="0"/>
    <TC Value="0"/>
    <TC Value="1583"/>
    <TC Value="0"/>
   </TR>
   <TR>
    <TC Value="5"/>
    <TC Value="1"/>
    <TC Value="0"/>
    <TC Value="0"/>
    <TC Value="0"/>
    <TC Value="0"/>
    <TC Value="0"/>
    <TC Value="0"/>
    <TC Value="0"/>
    <TC Value="0"/>
   </TR>
   <TR>
    <TC Value="5"/>
    <TC Value="1"/>
    <TC Value="0"/>
    <TC Value="0"/>
    <TC Value="0"/>
    <TC Value="0"/>
    <TC Value="0"/>
    <TC Value="0"/>
    <TC Value="0"/>
    <TC Value="0"/>
   </TR>
  </TABLE>
 </MENU>
 <MENU Name="Application_Metrics">
  <TABLE name="Application_Metrics">
   <TH name="Application Id" isShow="true"/>
   <TH name="Application Name" isShow="true"/>
   <TH name="Source Id" isShow="false"/>
   <TH name="Destination Id" isShow="false"/>
   <TH name="Packet generated" isShow="true"/>
   <TH name="Packet received" isShow="true"/>
   <TH name="Payload generated (bytes)" isShow="false"/>
   <TH name="Payload received (bytes)" isShow="false"/>
   <TH name="Throughput (Mbps)" isShow="true"/>
   <TH name="Delay(microsec)" isShow="true"/>
   <TH name="Jitter(microsec)" isShow="true"/>
   <TR>
    <TC Value="1"/>
    <TC Value="App1_CBR"/>
    <TC Value="1"/>
    <TC Value="4"/>
    <TC Value="3907"/>
    <TC Value="453"/>
    <TC Value="3125600"/>
    <TC Value="362400"/>
    <TC Value="0.115968"/>
    <TC Value="1012059.135100"/>
    <TC Value="17636.268761"/>
   </TR>
   <TR>
    <TC Value="2"/>
    <TC Value="App2_CBR"/>
    <TC Value="1"/>
    <TC Value="3"/>
    <TC Value="3907"/>
    <TC Value="279"/>
    <TC Value="3125600"/>
    <TC Value="223200"/>
    <TC Value="0.071424"/>
    <TC Value="1006476.614338"/>
    <TC Value="19848.784317"/>
   </TR>
   <TR>
    <TC Value="3"/>
    <TC Value="App3_CBR"/>
    <TC Value="1"/>
    <TC Value="2"/>
    <TC Value="3907"/>
    <TC Value="218"/>
    <TC Value="3125600"/>
    <TC Value="174400"/>
    <TC Value="0.055808"/>
    <TC Value="1008644.413075"/>
    <TC Value="25276.173779"/>
   </TR>
   <TR>
    <TC Value="4"/>
    <TC Value="App4_CBR"/>
    <TC Value="2"/>
    <TC Value="4"/>
    <TC Value="3907"/>
    <TC Value="447"/>
    <TC Value="3125600"/>
    <TC Value="357600"/>
    <TC Value="0.114432"/>
    <TC Value="995764.197227"/>
    <TC Value="14036.436502"/>
   </TR>
   <TR>
    <TC Value="5"/>
    <TC Value="App5_CBR"/>
    <TC Value="2"/>
    <TC Value="3"/>
    <TC Value="3907"/>
    <TC Value="305"/>
    <TC Value="3125600"/>
    <TC Value="244000"/>
    <TC Value="0.078080"/>
    <TC Value="987650.756689"/>
    <TC Value="16890.629211"/>
   </TR>
   <TR>
    <TC Value="6"/>
    <TC Value="App6_CBR"/>
    <TC Value="2"/>
    <TC Value="1"/>
    <TC Value="3907"/>
    <TC Value="263"/>
    <TC Value="3125600"/>
    <TC Value="210400"/>
    <TC Value="0.067328"/>
    <TC Value="988116.040001"/>
    <TC Value="18698.945038"/>
   </TR>
   <TR>
    <TC Value="7"/>
    <TC Value="App7_CBR"/>
    <TC Value="3"/>
    <TC Value="4"/>
    <TC Value="3907"/>
    <TC Value="429"/>
    <TC Value="3125600"/>
    <TC Value="343200"/>
    <TC Value="0.109824"/>
    <TC Value="1016186.810653"/>
    <TC Value="15201.779229"/>
   </TR>
   <TR>
    <TC Value="8"/>
    <TC Value="App8_CBR"/>
    <TC Value="3"/>
    <TC Value="2"/>
    <TC Value="3907"/>
    <TC Value="282"/>
    <TC Value="3125600"/>
    <TC Value="225600"/>
    <TC Value="0.072192"/>
    <TC Value="1017037.602234"/>
    <TC Value="18154.877224"/>
   </TR>
   <TR>
    <TC Value="9"/>
    <TC Value="App9_CBR"/>
    <TC Value="3"/>
    <TC Value="1"/>
    <TC Value="3907"/>
    <TC Value="193"/>
    <TC Value="3125600"/>
    <TC Value="154400"/>
    <TC Value="0.049408"/>
    <TC Value="1020584.526063"/>
    <TC Value="24073.289427"/>
   </TR>
   <TR>
    <TC Value="10"/>
    <TC Value="App10_CBR"/>
    <TC Value="4"/>
    <TC Value="3"/>
    <TC Value="3907"/>
    <TC Value="469"/>
    <TC Value="3125600"/>
    <TC Value="375200"/>
    <TC Value="0.120064"/>
    <TC Value="1005083.644095"/>
    <TC Value="16393.877714"/>
   </TR>
   <TR>
    <TC Value="11"/>
    <TC Value="App11_CBR"/>
    <TC Value="4"/>
    <TC Value="2"/>
    <TC Value="3907"/>
    <TC Value="342"/>
    <TC Value="3125600"/>
    <TC Value="273600"/>
    <TC Value="0.087552"/>
    <TC Value="999313.729680"/>
    <TC Value="16381.622669"/>
   </TR>
   <TR>
    <TC Value="12"/>
    <TC Value="App12_CBR"/>
    <TC Value="4"/>
    <TC Value="1"/>
    <TC Value="3907"/>
    <TC Value="235"/>
    <TC Value="3125600"/>
    <TC Value="188000"/>
    <TC Value="0.060160"/>
    <TC Value="994356.641661"/>
    <TC Value="19464.830940"/>
   </TR>
  </TABLE>
 </MENU>
</NetSim_Metrics>
