<?xml version="1.0" encoding="ISO-8859-1"?>
<NetSim_Metrics>
 <!--NETSIM_METRICS-->
 <MENU Name="Link_Metrics">
  <TABLE name="Link_Metrics">
   <TH name="Link_id" isShow="true"/>
   <TH name="Link_throughput_plot" isShow="true"/>
   <TH name="Packet_transmitted" isShow="true">
    <TH name="Data"/>
    <TH name="Control"/>
   </TH>
   <TH name="Packet_errored" isShow="true">
    <TH name="Data"/>
    <TH name="Control"/>
   </TH>
   <TH name="Packet_collided" isShow="true">
    <TH name="Data"/>
    <TH name="Control"/>
   </TH>
   <TH name="Bytes_transmitted(bytes)" isShow="false"/>
   <TH name="Payload_transmitted(bytes)" isShow="false"/>
   <TH name="Overhead_transmitted(bytes)" isShow="false"/>
   <TR>
    <TC Value="All"/>
    <TC Value="NA"/>
    <TC Value="21607"/>
    <TC Value="20727"/>
    <TC Value="0"/>
    <TC Value="0"/>
    <TC Value="879"/>
    <TC Value="0"/>
    <TC Value="18740694"/>
    <TC Value="16829340"/>
    <TC Value="1911354"/>
   </TR>
   <TR>
    <TC Value="1"/>
    <TC Value="NA"/>
    <TC Value="21607"/>
    <TC Value="20727"/>
    <TC Value="0"/>
    <TC Value="0"/>
    <TC Value="879"/>
    <TC Value="0"/>
    <TC Value="18740694"/>
    <TC Value="16829340"/>
    <TC Value="1911354"/>
   </TR>
  </TABLE>
 </MENU>
 <MENU Name="Queue_Metrics">
  <TABLE name="Queue_Metrics">
   <TH name="Device_id" isShow="true"/>
   <TH name="Port_id" isShow="true"/>
   <TH name="Queued_packet" isShow="true"/>
   <TH name="Dequeued_packet" isShow="true"/>
   <TH name="Dropped_packet" isShow="true"/>
  </TABLE>
 </MENU>
 <MENU Name="TCP_Metrics">
  <TABLE name="TCP_Metrics">
   <TH name="Source" isShow="true"/>
   <TH name="Destination" isShow="true"/>
   <TH name="Local Address" isShow="false"/>
   <TH name="Remote Address" isShow="false"/>
   <TH name="Syn Sent" isShow="false"/>
   <TH name="Syn-Ack Sent" isShow="false"/>
   <TH name="Segment Sent" isShow="true"/>
   <TH name="Segment Received" isShow="true"/>
   <TH name="Segment Retransmitted" isShow="false"/>
   <TH name="Ack Sent" isShow="true"/>
   <TH name="Ack Received" isShow="true"/>
   <TH name="Duplicate segment received" isShow="false"/>
   <TH name="Out of order segment received" isShow="false"/>
   <TH name="Duplicate ack received" isShow="true"/>
   <TH name="Times RTO expired" isShow="false"/>
   <TR>
    <TC Value="WIRELESS_NODE_1"/>
    <TC Value="ANY_DEVICE"/>
    <TC Value="11.1.1.1:0"/>
    <TC Value="0.0.0.0:0"/>
    <TC Value="0"/>
    <TC Value="0"/>
    <TC Value="0"/>
    <TC Value="0"/>
    <TC Value="0"/>
    <TC Value="0"/>
    <TC Value="0"/>
    <TC Value="0"/>
    <TC Value="0"/>
    <TC Value="0"/>
    <TC Value="0"/>
   </TR>
   <TR>
    <TC Value="WIRELESS_NODE_2"/>
    <TC Value="ANY_DEVICE"/>
    <TC Value="11.1.1.2:0"/>
    <TC Value="0.0.0.0:0"/>
    <TC Value="0"/>
    <TC Value="0"/>
    <TC Value="0"/>
    <TC Value="0"/>
    <TC Value="0"/>
    <TC Value="0"/>
    <TC Value="0"/>
    <TC Value="0"/>
    <TC Value="0"/>
    <TC Value="0"/>
    <TC Value="0"/>
   </TR>
   <TR>
    <TC Value="WIRELESS_NODE_3"/>
    <TC Value="ANY_DEVICE"/>
    <TC Value="11.1.1.3:0"/>
    <TC Value="0.0.0.0:0"/>
    <TC Value="0"/>
    <TC Value="0"/>
    <TC Value="0"/>
    <TC Value="0"/>
    <TC Value="0"/>
    <TC Value="0"/>
    <TC Value="0"/>
    <TC Value="0"/>
    <TC Value="0"/>
    <TC Value="0"/>
    <TC Value="0"/>
   </TR>
   <TR>
    <TC Value="WIRELESS_NODE_4"/>
    <TC Value="ANY_DEVICE"/>
    <TC Value="11.1.1.4:0"/>
    <TC Value="0.0.0.0:0"/>
    <TC Value="0"/>
    <TC Value="0"/>
    <TC Value="0"/>
    <TC Value="0"/>
    <TC Value="0"/>
    <TC Value="0"/>
    <TC Value="0"/>
    <TC Value="0"/>
    <TC Value="0"/>
    <TC Value="0"/>
    <TC Value="0"/>
   </TR>
  </TABLE>
 </MENU>
 <MENU Name="IP_Metrics">
  <TABLE name="IP_Metrics">
   <TH name="Device Id" isShow="true"/>
   <TH name="Packet sent" isShow="true"/>
   <TH name="Packet forwarded" isShow="true"/>
   <TH name="Packet received" isShow="true"/>
   <TH name="Packet discarded" isShow="false"/>
   <TH name="TTL expired" isShow="false"/>
   <TH name="Firewall blocked" isShow="false"/>
   <TR>
    <TC Value="1"/>
    <TC Value="12504"/>
    <TC Value="0"/>
    <TC Value="321"/>
    <TC Value="0"/>
    <TC Value="0"/>
    <TC Value="0"/>
   </TR>
   <TR>
    <TC Value="2"/>
    <TC Value="12504"/>
    <TC Value="0"/>
    <TC Value="728"/>
    <TC Value="0"/>
    <TC Value="0"/>
    <TC Value="0"/>
   </TR>
   <TR>
    <TC Value="3"/>
    <TC Value="12504"/>
    <TC Value="0"/>
    <TC Value="1125"/>
    <TC Value="0"/>
    <TC Value="0"/>
    <TC Value="0"/>
   </TR>
   <TR>
    <TC Value="4"/>
    <TC Value="12504"/>
    <TC Value="0"/>
    <TC Value="1390"/>
    <TC Value="0"/>
    <TC Value="0"/>
    <TC Value="0"/>
   </TR>
  </TABLE>
 </MENU>
 <MENU Name="IP_Forwarding_Table">
  <MENU Name="WIRELESS_NODE_1">
   <TABLE name="WIRELESS_NODE_1">
    <TH name="Network Destination" isShow="true"/>
    <TH name="Netmask/Prefix len" isShow="true"/>
    <TH name="Gateway" isShow="true"/>
    <TH name="Interface" isShow="true"/>
    <TH name="Metrics" isShow="false"/>
    <TH name="Type" isShow="false"/>
    <TR>
     <TC Value="11.1.0.0"/>
     <TC Value="255.255.0.0"/>
     <TC Value="on-link"/>
     <TC Value="11.1.1.1 "/>
     <TC Value="300"/>
     <TC Value="LOCAL"/>
    </TR>
    <TR>
     <TC Value="224.0.0.1"/>
     <TC Value="255.255.255.255"/>
     <TC Value="on-link"/>
     <TC Value="11.1.1.1 "/>
     <TC Value="306"/>
     <TC Value="MULTICAST"/>
    </TR>
    <TR>
     <TC Value="224.0.0.0"/>
     <TC Value="240.0.0.0"/>
     <TC Value="on-link"/>
     <TC Value="11.1.1.1 "/>
     <TC Value="306"/>
     <TC Value="MULTICAST"/>
    </TR>
    <TR>
     <TC Value="255.255.255.255"/>
     <TC Value="255.255.255.255"/>
     <TC Value="on-link"/>
     <TC Value="11.1.1.1 "/>
     <TC Value="999"/>
     <TC Value="BROADCAST"/>
    </TR>
   </TABLE>
  </MENU>
  <MENU Name="WIRELESS_NODE_2">
   <TABLE name="WIRELESS_NODE_2">
    <TH name="Network Destination" isShow="true"/>
    <TH name="Netmask/Prefix len" isShow="true"/>
    <TH name="Gateway" isShow="true"/>
    <TH name="Interface" isShow="true"/>
    <TH name="Metrics" isShow="false"/>
    <TH name="Type" isShow="false"/>
    <TR>
     <TC Value="11.1.0.0"/>
     <TC Value="255.255.0.0"/>
     <TC Value="on-link"/>
     <TC Value="11.1.1.2 "/>
     <TC Value="300"/>
     <TC Value="LOCAL"/>
    </TR>
    <TR>
     <TC Value="224.0.0.1"/>
     <TC Value="255.255.255.255"/>
     <TC Value="on-link"/>
     <TC Value="11.1.1.2 "/>
     <TC Value="306"/>
     <TC Value="MULTICAST"/>
    </TR>
    <TR>
     <TC Value="224.0.0.0"/>
     <TC Value="240.0.0.0"/>
     <TC Value="on-link"/>
     <TC Value="11.1.1.2 "/>
     <TC Value="306"/>
     <TC Value="MULTICAST"/>
    </TR>
    <TR>
     <TC Value="255.255.255.255"/>
     <TC Value="255.255.255.255"/>
     <TC Value="on-link"/>
     <TC Value="11.1.1.2 "/>
     <TC Value="999"/>
     <TC Value="BROADCAST"/>
    </TR>
   </TABLE>
  </MENU>
  <MENU Name="WIRELESS_NODE_3">
   <TABLE name="WIRELESS_NODE_3">
    <TH name="Network Destination" isShow="true"/>
    <TH name="Netmask/Prefix len" isShow="true"/>
    <TH name="Gateway" isShow="true"/>
    <TH name="Interface" isShow="true"/>
    <TH name="Metrics" isShow="false"/>
    <TH name="Type" isShow="false"/>
    <TR>
     <TC Value="11.1.0.0"/>
     <TC Value="255.255.0.0"/>
     <TC Value="on-link"/>
     <TC Value="11.1.1.3 "/>
     <TC Value="300"/>
     <TC Value="LOCAL"/>
    </TR>
    <TR>
     <TC Value="224.0.0.1"/>
     <TC Value="255.255.255.255"/>
     <TC Value="on-link"/>
     <TC Value="11.1.1.3 "/>
     <TC Value="306"/>
     <TC Value="MULTICAST"/>
    </TR>
    <TR>
     <TC Value="224.0.0.0"/>
     <TC Value="240.0.0.0"/>
     <TC Value="on-link"/>
     <TC Value="11.1.1.3 "/>
     <TC Value="306"/>
     <TC Value="MULTICAST"/>
    </TR>
    <TR>
     <TC Value="255.255.255.255"/>
     <TC Value="255.255.255.255"/>
     <TC Value="on-link"/>
     <TC Value="11.1.1.3 "/>
     <TC Value="999"/>
     <TC Value="BROADCAST"/>
    </TR>
   </TABLE>
  </MENU>
  <MENU Name="WIRELESS_NODE_4">
   <TABLE name="WIRELESS_NODE_4">
    <TH name="Network Destination" isShow="true"/>
    <TH name="Netmask/Prefix len" isShow="true"/>
    <TH name="Gateway" isShow="true"/>
    <TH name="Interface" isShow="true"/>
    <TH name="Metrics" isShow="false"/>
    <TH name="Type" isShow="false"/>
    <TR>
     <TC Value="11.1.0.0"/>
     <TC Value="255.255.0.0"/>
     <TC Value="on-link"/>
     <TC Value="11.1.1.4 "/>
     <TC Value="300"/>
     <TC Value="LOCAL"/>
    </TR>
    <TR>
     <TC Value="224.0.0.1"/>
     <TC Value="255.255.255.255"/>
     <TC Value="on-link"/>
     <TC Value="11.1.1.4 "/>
     <TC Value="306"/>
     <TC Value="MULTICAST"/>
    </TR>
    <TR>
     <TC Value="224.0.0.0"/>
     <TC Value="240.0.0.0"/>
     <TC Value="on-link"/>
     <TC Value="11.1.1.4 "/>
     <TC Value="306"/>
     <TC Value="MULTICAST"/>
    </TR>
    <TR>
     <TC Value="255.255.255.255"/>
     <TC Value="255.255.255.255"/>
     <TC Value="on-link"/>
     <TC Value="11.1.1.4 "/>
     <TC Value="999"/>
     <TC Value="BROADCAST"/>
    </TR>
   </TABLE>
  </MENU>
 </MENU>
 <MENU Name="UDP Metrics">
  <TABLE name="UDP Metrics">
   <TH name="Device id" isShow="true"/>
   <TH name="Local address" isShow="true"/>
   <TH name="Foreign address" isShow="true"/>
   <TH name="Datagram sent" isShow="true"/>
   <TH name="Datagram received" isShow="true"/>
   <TR>
    <TC Value="1"/>
    <TC Value="11.1.1.1:82"/>
    <TC Value="11.1.1.4:36934"/>
    <TC Value="4168"/>
    <TC Value="0"/>
   </TR>
   <TR>
    <TC Value="1"/>
    <TC Value="11.1.1.1:12668"/>
    <TC Value="11.1.1.3:53000"/>
    <TC Value="4168"/>
    <TC Value="0"/>
   </TR>
   <TR>
    <TC Value="1"/>
    <TC Value="11.1.1.1:38338"/>
    <TC Value="11.1.1.2:31448"/>
    <TC Value="4168"/>
    <TC Value="0"/>
   </TR>
   <TR>
    <TC Value="1"/>
    <TC Value="11.1.1.1:56290"/>
    <TC Value="11.1.1.2:11410"/>
    <TC Value="0"/>
    <TC Value="114"/>
   </TR>
   <TR>
    <TC Value="1"/>
    <TC Value="11.1.1.1:23884"/>
    <TC Value="11.1.1.3:5990"/>
    <TC Value="0"/>
    <TC Value="104"/>
   </TR>
   <TR>
    <TC Value="1"/>
    <TC Value="11.1.1.1:306"/>
    <TC Value="11.1.1.4:7804"/>
    <TC Value="0"/>
    <TC Value="103"/>
   </TR>
   <TR>
    <TC Value="2"/>
    <TC Value="11.1.1.2:22956"/>
    <TC Value="11.1.1.4:58716"/>
    <TC Value="4168"/>
    <TC Value="0"/>
   </TR>
   <TR>
    <TC Value="2"/>
    <TC Value="11.1.1.2:53924"/>
    <TC Value="11.1.1.3:48928"/>
    <TC Value="4168"/>
    <TC Value="0"/>
   </TR>
   <TR>
    <TC Value="2"/>
    <TC Value="11.1.1.2:11410"/>
    <TC Value="11.1.1.1:56290"/>
    <TC Value="4168"/>
    <TC Value="0"/>
   </TR>
   <TR>
    <TC Value="2"/>
    <TC Value="11.1.1.2:29208"/>
    <TC Value="11.1.1.4:64782"/>
    <TC Value="0"/>
    <TC Value="326"/>
   </TR>
   <TR>
    <TC Value="2"/>
    <TC Value="11.1.1.2:31448"/>
    <TC Value="11.1.1.1:38338"/>
    <TC Value="0"/>
    <TC Value="79"/>
   </TR>
   <TR>
    <TC Value="2"/>
    <TC Value="11.1.1.2:982"/>
    <TC Value="11.1.1.3:19922"/>
    <TC Value="0"/>
    <TC Value="323"/>
   </TR>
   <TR>
    <TC Value="3"/>
    <TC Value="11.1.1.3:46562"/>
    <TC Value="11.1.1.4:33654"/>
    <TC Value="4168"/>
    <TC Value="0"/>
   </TR>
   <TR>
    <TC Value="3"/>
    <TC Value="11.1.1.3:19922"/>
    <TC Value="11.1.1.2:982"/>
    <TC Value="4168"/>
    <TC Value="0"/>
   </TR>
   <TR>
    <TC Value="3"/>
    <TC Value="11.1.1.3:5990"/>
    <TC Value="11.1.1.1:23884"/>
    <TC Value="4168"/>
    <TC Value="0"/>
   </TR>
   <TR>
    <TC Value="3"/>
    <TC Value="11.1.1.3:53000"/>
    <TC Value="11.1.1.1:12668"/>
    <TC Value="0"/>
    <TC Value="318"/>
   </TR>
   <TR>
    <TC Value="3"/>
    <TC Value="11.1.1.3:48928"/>
    <TC Value="11.1.1.2:53924"/>
    <TC Value="0"/>
    <TC Value="291"/>
   </TR>
   <TR>
    <TC Value="3"/>
    <TC Value="11.1.1.3:10872"/>
    <TC Value="11.1.1.4:9654"/>
    <TC Value="0"/>
    <TC Value="516"/>
   </TR>
   <TR>
    <TC Value="4"/>
    <TC Value="11.1.1.4:9654"/>
    <TC Value="11.1.1.3:10872"/>
    <TC Value="4168"/>
    <TC Value="0"/>
   </TR>
   <TR>
    <TC Value="4"/>
    <TC Value="11.1.1.4:64782"/>
    <TC Value="11.1.1.2:29208"/>
    <TC Value="4168"/>
    <TC Value="0"/>
   </TR>
   <TR>
    <TC Value="4"/>
    <TC Value="11.1.1.4:7804"/>
    <TC Value="11.1.1.1:306"/>
    <TC Value="4168"/>
    <TC Value="0"/>
   </TR>
   <TR>
    <TC Value="4"/>
    <TC Value="11.1.1.4:36934"/>
    <TC Value="11.1.1.1:82"/>
    <TC Value="0"/>
    <TC Value="446"/>
   </TR>
   <TR>
    <TC Value="4"/>
    <TC Value="11.1.1.4:58716"/>
    <TC Value="11.1.1.2:22956"/>
    <TC Value="0"/>
    <TC Value="420"/>
   </TR>
   <TR>
    <TC Value="4"/>
    <TC Value="11.1.1.4:33654"/>
    <TC Value="11.1.1.3:46562"/>
    <TC Value="0"/>
    <TC Value="524"/>
   </TR>
  </TABLE>
 </MENU>
 <MENU Name="IEEE802.11_Metrics">
  <TABLE name="IEEE802.11_Metrics">
   <TH name="DeviceId" isShow="true"/>
   <TH name="InterfaceId" isShow="true"/>
   <TH name="Frame Sent" isShow="true"/>
   <TH name="Frame Received" isShow="false"/>
   <TH name="RTS Sent" isShow="false"/>
   <TH name="RTS Received" isShow="false"/>
   <TH name="CTS Sent" isShow="false"/>
   <TH name="CTS Received" isShow="false"/>
   <TH name="Successful Backoff" isShow="false"/>
   <TH name="Failed Backoff" isShow="false"/>
   <TR>
    <TC Value="1"/>
    <TC Value="1"/>
    <TC Value="0"/>
    <TC Value="321"/>
    <TC Value="0"/>
    <TC Value="0"/>
    <TC Value="0"/>
    <TC Value="0"/>
    <TC Value="0"/>
    <TC Value="0"/>
   </TR>
   <TR>
    <TC Value="1"/>
    <TC Value="1"/>
    <TC Value="4213"/>
    <TC Value="0"/>
    <TC Value="0"/>
    <TC Value="0"/>
    <TC Value="0"/>
    <TC Value="0"/>
    <TC Value="1287"/>
    <TC Value="0"/>
   </TR>
   <TR>
    <TC Value="1"/>
    <TC Value="1"/>
    <TC Value="0"/>
    <TC Value="0"/>
    <TC Value="0"/>
    <TC Value="0"/>
    <TC Value="0"/>
    <TC Value="0"/>
    <TC Value="0"/>
    <TC Value="0"/>
   </TR>
   <TR>
    <TC Value="1"/>
    <TC Value="1"/>
    <TC Value="0"/>
    <TC Value="0"/>
    <TC Value="0"/>
    <TC Value="0"/>
    <TC Value="0"/>
    <TC Value="0"/>
    <TC Value="0"/>
    <TC Value="0"/>
   </TR>
   <TR>
    <TC Value="2"/>
    <TC Value="1"/>
    <TC Value="0"/>
    <TC Value="728"/>
    <TC Value="0"/>
    <TC Value="0"/>
    <TC Value="0"/>
    <TC Value="0"/>
    <TC Value="0"/>
    <TC Value="0"/>
   </TR>
   <TR>
    <TC Value="2"/>
    <TC Value="1"/>
    <TC Value="4447"/>
    <TC Value="0"/>
    <TC Value="0"/>
    <TC Value="0"/>
    <TC Value="0"/>
    <TC Value="0"/>
    <TC Value="1354"/>
    <TC Value="0"/>
   </TR>
   <TR>
    <TC Value="2"/>
    <TC Value="1"/>
    <TC Value="0"/>
    <TC Value="0"/>
    <TC Value="0"/>
    <TC Value="0"/>
    <TC Value="0"/>
    <TC Value="0"/>
    <TC Value="0"/>
    <TC Value="0"/>
   </TR>
   <TR>
    <TC Value="2"/>
    <TC Value="1"/>
    <TC Value="0"/>
    <TC Value="0"/>
    <TC Value="0"/>
    <TC Value="0"/>
    <TC Value="0"/>
    <TC Value="0"/>
    <TC Value="0"/>
    <TC Value="0"/>
   </TR>
   <TR>
    <TC Value="3"/>
    <TC Value="1"/>
    <TC Value="0"/>
    <TC Value="1125"/>
    <TC Value="0"/>
    <TC Value="0"/>
    <TC Value="0"/>
    <TC Value="0"/>
    <TC Value="0"/>
    <TC Value="0"/>
   </TR>
   <TR>
    <TC Value="3"/>
    <TC Value="1"/>
    <TC Value="4884"/>
    <TC Value="0"/>
    <TC Value="0"/>
    <TC Value="0"/>
    <TC Value="0"/>
    <TC Value="0"/>
    <TC Value="1447"/>
    <TC Value="0"/>
   </TR>
   <TR>
    <TC Value="3"/>
    <TC Value="1"/>
    <TC Value="0"/>
    <TC Value="0"/>
    <TC Value="0"/>
    <TC Value="0"/>
    <TC Value="0"/>
    <TC Value="0"/>
    <TC Value="0"/>
    <TC Value="0"/>
   </TR>
   <TR>
    <TC Value="3"/>
    <TC Value="1"/>
    <TC Value="0"/>
    <TC Value="0"/>
    <TC Value="0"/>
    <TC Value="0"/>
    <TC Value="0"/>
    <TC Value="0"/>
    <TC Value="0"/>
    <TC Value="0"/>
   </TR>
   <TR>
    <TC Value="4"/>
    <TC Value="1"/>
    <TC Value="0"/>
    <TC Value="1390"/>
    <TC Value="0"/>
    <TC Value="0"/>
    <TC Value="0"/>
    <TC Value="0"/>
    <TC Value="0"/>
    <TC Value="0"/>
   </TR>
   <TR>
    <TC Value="4"/>
    <TC Value="1"/>
    <TC Value="4484"/>
    <TC Value="0"/>
    <TC Value="0"/>
    <TC Value="0"/>
    <TC Value="0"/>
    <TC Value="0"/>
    <TC Value="1364"/>
    <TC Value="0"/>
   </TR>
   <TR>
    <TC Value="4"/>
    <TC Value="1"/>
    <TC Value="0"/>
    <TC Value="0"/>
    <TC Value="0"/>
    <TC Value="0"/>
    <TC Value="0"/>
    <TC Value="0"/>
    <TC Value="0"/>
    <TC Value="0"/>
   </TR>
   <TR>
    <TC Value="4"/>
    <TC Value="1"/>
    <TC Value="0"/>
    <TC Value="0"/>
    <TC Value="0"/>
    <TC Value="0"/>
    <TC Value="0"/>
    <TC Value="0"/>
    <TC Value="0"/>
    <TC Value="0"/>
   </TR>
   <TR>
    <TC Value="5"/>
    <TC Value="1"/>
    <TC Value="0"/>
    <TC Value="17164"/>
    <TC Value="0"/>
    <TC Value="0"/>
    <TC Value="0"/>
    <TC Value="0"/>
    <TC Value="0"/>
    <TC Value="0"/>
   </TR>
   <TR>
    <TC Value="5"/>
    <TC Value="1"/>
    <TC Value="3807"/>
    <TC Value="0"/>
    <TC Value="0"/>
    <TC Value="0"/>
    <TC Value="0"/>
    <TC Value="0"/>
    <TC Value="1353"/>
    <TC Value="0"/>
   </TR>
   <TR>
    <TC Value="5"/>
    <TC Value="1"/>
    <TC Value="0"/>
    <TC Value="0"/>
    <TC Value="0"/>
    <TC Value="0"/>
    <TC Value="0"/>
    <TC Value="0"/>
    <TC Value="0"/>
    <TC Value="0"/>
   </TR>
   <TR>
    <TC Value="5"/>
    <TC Value="1"/>
    <TC Value="0"/>
    <TC Value="0"/>
    <TC Value="0"/>
    <TC Value="0"/>
    <TC Value="0"/>
    <TC Value="0"/>
    <TC Value="0"/>
    <TC Value="0"/>
   </TR>
  </TABLE>
 </MENU>
 <MENU Name="Application_Metrics">
  <TABLE name="Application_Metrics">
   <TH name="Application Id" isShow="true"/>
   <TH name="Application Name" isShow="true"/>
   <TH name="Source Id" isShow="false"/>
   <TH name="Destination Id" isShow="false"/>
   <TH name="Packet generated" isShow="true"/>
   <TH name="Packet received" isShow="true"/>
   <TH name="Payload generated (bytes)" isShow="false"/>
   <TH name="Payload received (bytes)" isShow="false"/>
   <TH name="Throughput (Mbps)" isShow="true"/>
   <TH name="Delay(microsec)" isShow="true"/>
   <TH name="Jitter(microsec)" isShow="true"/>
   <TR>
    <TC Value="1"/>
    <TC Value="App1_CBR"/>
    <TC Value="1"/>
    <TC Value="4"/>
    <TC Value="4168"/>
    <TC Value="446"/>
    <TC Value="3126000"/>
    <TC Value="397280"/>
    <TC Value="0.127130"/>
    <TC Value="1007962.161032"/>
    <TC Value="18149.425191"/>
   </TR>
   <TR>
    <TC Value="2"/>
    <TC Value="App2_CBR"/>
    <TC Value="1"/>
    <TC Value="3"/>
    <TC Value="4168"/>
    <TC Value="318"/>
    <TC Value="3126000"/>
    <TC Value="275000"/>
    <TC Value="0.088000"/>
    <TC Value="1008914.856133"/>
    <TC Value="22113.694953"/>
   </TR>
   <TR>
    <TC Value="3"/>
    <TC Value="App3_CBR"/>
    <TC Value="1"/>
    <TC Value="2"/>
    <TC Value="4168"/>
    <TC Value="79"/>
    <TC Value="3126000"/>
    <TC Value="76040"/>
    <TC Value="0.024333"/>
    <TC Value="954139.802152"/>
    <TC Value="24892.589231"/>
   </TR>
   <TR>
    <TC Value="4"/>
    <TC Value="App4_CBR"/>
    <TC Value="2"/>
    <TC Value="4"/>
    <TC Value="4168"/>
    <TC Value="420"/>
    <TC Value="3126000"/>
    <TC Value="386540"/>
    <TC Value="0.123693"/>
    <TC Value="1008120.823667"/>
    <TC Value="21508.886563"/>
   </TR>
   <TR>
    <TC Value="5"/>
    <TC Value="App5_CBR"/>
    <TC Value="2"/>
    <TC Value="3"/>
    <TC Value="4168"/>
    <TC Value="291"/>
    <TC Value="3126000"/>
    <TC Value="227740"/>
    <TC Value="0.072877"/>
    <TC Value="1004679.772544"/>
    <TC Value="21065.921207"/>
   </TR>
   <TR>
    <TC Value="6"/>
    <TC Value="App6_CBR"/>
    <TC Value="2"/>
    <TC Value="1"/>
    <TC Value="4168"/>
    <TC Value="114"/>
    <TC Value="3126000"/>
    <TC Value="95720"/>
    <TC Value="0.030630"/>
    <TC Value="960716.713158"/>
    <TC Value="20580.978938"/>
   </TR>
   <TR>
    <TC Value="7"/>
    <TC Value="App7_CBR"/>
    <TC Value="3"/>
    <TC Value="4"/>
    <TC Value="4168"/>
    <TC Value="524"/>
    <TC Value="3126000"/>
    <TC Value="467460"/>
    <TC Value="0.149587"/>
    <TC Value="1014351.102672"/>
    <TC Value="18828.045545"/>
   </TR>
   <TR>
    <TC Value="8"/>
    <TC Value="App8_CBR"/>
    <TC Value="3"/>
    <TC Value="2"/>
    <TC Value="4168"/>
    <TC Value="323"/>
    <TC Value="3126000"/>
    <TC Value="256120"/>
    <TC Value="0.081958"/>
    <TC Value="1017988.818143"/>
    <TC Value="19373.868540"/>
   </TR>
   <TR>
    <TC Value="9"/>
    <TC Value="App9_CBR"/>
    <TC Value="3"/>
    <TC Value="1"/>
    <TC Value="4168"/>
    <TC Value="104"/>
    <TC Value="3126000"/>
    <TC Value="94060"/>
    <TC Value="0.030099"/>
    <TC Value="977643.586154"/>
    <TC Value="20394.507476"/>
   </TR>
   <TR>
    <TC Value="10"/>
    <TC Value="App10_CBR"/>
    <TC Value="4"/>
    <TC Value="3"/>
    <TC Value="4168"/>
    <TC Value="516"/>
    <TC Value="3126000"/>
    <TC Value="445400"/>
    <TC Value="0.142528"/>
    <TC Value="1010574.941086"/>
    <TC Value="16873.734990"/>
   </TR>
   <TR>
    <TC Value="11"/>
    <TC Value="App11_CBR"/>
    <TC Value="4"/>
    <TC Value="2"/>
    <TC Value="4168"/>
    <TC Value="326"/>
    <TC Value="3126000"/>
    <TC Value="281000"/>
    <TC Value="0.089920"/>
    <TC Value="1012581.681412"/>
    <TC Value="21508.586646"/>
   </TR>
   <TR>
    <TC Value="12"/>
    <TC Value="App12_CBR"/>
    <TC Value="4"/>
    <TC Value="1"/>
    <TC Value="4168"/>
    <TC Value="103"/>
    <TC Value="3126000"/>
    <TC Value="86740"/>
    <TC Value="0.027757"/>
    <TC Value="987999.441361"/>
    <TC Value="20884.156078"/>
   </TR>
  </TABLE>
 </MENU>
</NetSim_Metrics>
