<?xml version="1.0" encoding="ISO-8859-1"?>
<NetSim_Metrics>
 <!--NETSIM_METRICS-->
 <MENU Name="Link_Metrics">
  <TABLE name="Link_Metrics">
   <TH name="Link_id" isShow="true"/>
   <TH name="Link_throughput_plot" isShow="true"/>
   <TH name="Packet_transmitted" isShow="true">
    <TH name="Data"/>
    <TH name="Control"/>
   </TH>
   <TH name="Packet_errored" isShow="true">
    <TH name="Data"/>
    <TH name="Control"/>
   </TH>
   <TH name="Packet_collided" isShow="true">
    <TH name="Data"/>
    <TH name="Control"/>
   </TH>
   <TH name="Bytes_transmitted(bytes)" isShow="false"/>
   <TH name="Payload_transmitted(bytes)" isShow="false"/>
   <TH name="Overhead_transmitted(bytes)" isShow="false"/>
   <TR>
    <TC Value="All"/>
    <TC Value="NA"/>
    <TC Value="19234"/>
    <TC Value="18290"/>
    <TC Value="0"/>
    <TC Value="0"/>
    <TC Value="944"/>
    <TC Value="0"/>
    <TC Value="20797972"/>
    <TC Value="18290000"/>
    <TC Value="2507972"/>
   </TR>
   <TR>
    <TC Value="1"/>
    <TC Value="NA"/>
    <TC Value="19234"/>
    <TC Value="18290"/>
    <TC Value="0"/>
    <TC Value="0"/>
    <TC Value="944"/>
    <TC Value="0"/>
    <TC Value="20797972"/>
    <TC Value="18290000"/>
    <TC Value="2507972"/>
   </TR>
  </TABLE>
 </MENU>
 <MENU Name="Queue_Metrics">
  <TABLE name="Queue_Metrics">
   <TH name="Device_id" isShow="true"/>
   <TH name="Port_id" isShow="true"/>
   <TH name="Queued_packet" isShow="true"/>
   <TH name="Dequeued_packet" isShow="true"/>
   <TH name="Dropped_packet" isShow="true"/>
  </TABLE>
 </MENU>
 <MENU Name="TCP_Metrics">
  <TABLE name="TCP_Metrics">
   <TH name="Source" isShow="true"/>
   <TH name="Destination" isShow="true"/>
   <TH name="Local Address" isShow="false"/>
   <TH name="Remote Address" isShow="false"/>
   <TH name="Syn Sent" isShow="false"/>
   <TH name="Syn-Ack Sent" isShow="false"/>
   <TH name="Segment Sent" isShow="true"/>
   <TH name="Segment Received" isShow="true"/>
   <TH name="Segment Retransmitted" isShow="false"/>
   <TH name="Ack Sent" isShow="true"/>
   <TH name="Ack Received" isShow="true"/>
   <TH name="Duplicate segment received" isShow="false"/>
   <TH name="Out of order segment received" isShow="false"/>
   <TH name="Duplicate ack received" isShow="true"/>
   <TH name="Times RTO expired" isShow="false"/>
   <TR>
    <TC Value="WIRELESS_NODE_1"/>
    <TC Value="ANY_DEVICE"/>
    <TC Value="11.1.1.1:0"/>
    <TC Value="0.0.0.0:0"/>
    <TC Value="0"/>
    <TC Value="0"/>
    <TC Value="0"/>
    <TC Value="0"/>
    <TC Value="0"/>
    <TC Value="0"/>
    <TC Value="0"/>
    <TC Value="0"/>
    <TC Value="0"/>
    <TC Value="0"/>
    <TC Value="0"/>
   </TR>
   <TR>
    <TC Value="WIRELESS_NODE_2"/>
    <TC Value="ANY_DEVICE"/>
    <TC Value="11.1.1.2:0"/>
    <TC Value="0.0.0.0:0"/>
    <TC Value="0"/>
    <TC Value="0"/>
    <TC Value="0"/>
    <TC Value="0"/>
    <TC Value="0"/>
    <TC Value="0"/>
    <TC Value="0"/>
    <TC Value="0"/>
    <TC Value="0"/>
    <TC Value="0"/>
    <TC Value="0"/>
   </TR>
   <TR>
    <TC Value="WIRELESS_NODE_3"/>
    <TC Value="ANY_DEVICE"/>
    <TC Value="11.1.1.3:0"/>
    <TC Value="0.0.0.0:0"/>
    <TC Value="0"/>
    <TC Value="0"/>
    <TC Value="0"/>
    <TC Value="0"/>
    <TC Value="0"/>
    <TC Value="0"/>
    <TC Value="0"/>
    <TC Value="0"/>
    <TC Value="0"/>
    <TC Value="0"/>
    <TC Value="0"/>
   </TR>
   <TR>
    <TC Value="WIRELESS_NODE_4"/>
    <TC Value="ANY_DEVICE"/>
    <TC Value="11.1.1.4:0"/>
    <TC Value="0.0.0.0:0"/>
    <TC Value="0"/>
    <TC Value="0"/>
    <TC Value="0"/>
    <TC Value="0"/>
    <TC Value="0"/>
    <TC Value="0"/>
    <TC Value="0"/>
    <TC Value="0"/>
    <TC Value="0"/>
    <TC Value="0"/>
    <TC Value="0"/>
   </TR>
  </TABLE>
 </MENU>
 <MENU Name="IP_Metrics">
  <TABLE name="IP_Metrics">
   <TH name="Device Id" isShow="true"/>
   <TH name="Packet sent" isShow="true"/>
   <TH name="Packet forwarded" isShow="true"/>
   <TH name="Packet received" isShow="true"/>
   <TH name="Packet discarded" isShow="false"/>
   <TH name="TTL expired" isShow="false"/>
   <TH name="Firewall blocked" isShow="false"/>
   <TR>
    <TC Value="1"/>
    <TC Value="9375"/>
    <TC Value="0"/>
    <TC Value="658"/>
    <TC Value="0"/>
    <TC Value="0"/>
    <TC Value="0"/>
   </TR>
   <TR>
    <TC Value="2"/>
    <TC Value="9375"/>
    <TC Value="0"/>
    <TC Value="782"/>
    <TC Value="0"/>
    <TC Value="0"/>
    <TC Value="0"/>
   </TR>
   <TR>
    <TC Value="3"/>
    <TC Value="9375"/>
    <TC Value="0"/>
    <TC Value="944"/>
    <TC Value="0"/>
    <TC Value="0"/>
    <TC Value="0"/>
   </TR>
   <TR>
    <TC Value="4"/>
    <TC Value="9375"/>
    <TC Value="0"/>
    <TC Value="1081"/>
    <TC Value="0"/>
    <TC Value="0"/>
    <TC Value="0"/>
   </TR>
  </TABLE>
 </MENU>
 <MENU Name="IP_Forwarding_Table">
  <MENU Name="WIRELESS_NODE_1">
   <TABLE name="WIRELESS_NODE_1">
    <TH name="Network Destination" isShow="true"/>
    <TH name="Netmask/Prefix len" isShow="true"/>
    <TH name="Gateway" isShow="true"/>
    <TH name="Interface" isShow="true"/>
    <TH name="Metrics" isShow="false"/>
    <TH name="Type" isShow="false"/>
    <TR>
     <TC Value="11.1.0.0"/>
     <TC Value="255.255.0.0"/>
     <TC Value="on-link"/>
     <TC Value="11.1.1.1 "/>
     <TC Value="300"/>
     <TC Value="LOCAL"/>
    </TR>
    <TR>
     <TC Value="224.0.0.1"/>
     <TC Value="255.255.255.255"/>
     <TC Value="on-link"/>
     <TC Value="11.1.1.1 "/>
     <TC Value="306"/>
     <TC Value="MULTICAST"/>
    </TR>
    <TR>
     <TC Value="224.0.0.0"/>
     <TC Value="240.0.0.0"/>
     <TC Value="on-link"/>
     <TC Value="11.1.1.1 "/>
     <TC Value="306"/>
     <TC Value="MULTICAST"/>
    </TR>
    <TR>
     <TC Value="255.255.255.255"/>
     <TC Value="255.255.255.255"/>
     <TC Value="on-link"/>
     <TC Value="11.1.1.1 "/>
     <TC Value="999"/>
     <TC Value="BROADCAST"/>
    </TR>
   </TABLE>
  </MENU>
  <MENU Name="WIRELESS_NODE_2">
   <TABLE name="WIRELESS_NODE_2">
    <TH name="Network Destination" isShow="true"/>
    <TH name="Netmask/Prefix len" isShow="true"/>
    <TH name="Gateway" isShow="true"/>
    <TH name="Interface" isShow="true"/>
    <TH name="Metrics" isShow="false"/>
    <TH name="Type" isShow="false"/>
    <TR>
     <TC Value="11.1.0.0"/>
     <TC Value="255.255.0.0"/>
     <TC Value="on-link"/>
     <TC Value="11.1.1.2 "/>
     <TC Value="300"/>
     <TC Value="LOCAL"/>
    </TR>
    <TR>
     <TC Value="224.0.0.1"/>
     <TC Value="255.255.255.255"/>
     <TC Value="on-link"/>
     <TC Value="11.1.1.2 "/>
     <TC Value="306"/>
     <TC Value="MULTICAST"/>
    </TR>
    <TR>
     <TC Value="224.0.0.0"/>
     <TC Value="240.0.0.0"/>
     <TC Value="on-link"/>
     <TC Value="11.1.1.2 "/>
     <TC Value="306"/>
     <TC Value="MULTICAST"/>
    </TR>
    <TR>
     <TC Value="255.255.255.255"/>
     <TC Value="255.255.255.255"/>
     <TC Value="on-link"/>
     <TC Value="11.1.1.2 "/>
     <TC Value="999"/>
     <TC Value="BROADCAST"/>
    </TR>
   </TABLE>
  </MENU>
  <MENU Name="WIRELESS_NODE_3">
   <TABLE name="WIRELESS_NODE_3">
    <TH name="Network Destination" isShow="true"/>
    <TH name="Netmask/Prefix len" isShow="true"/>
    <TH name="Gateway" isShow="true"/>
    <TH name="Interface" isShow="true"/>
    <TH name="Metrics" isShow="false"/>
    <TH name="Type" isShow="false"/>
    <TR>
     <TC Value="11.1.0.0"/>
     <TC Value="255.255.0.0"/>
     <TC Value="on-link"/>
     <TC Value="11.1.1.3 "/>
     <TC Value="300"/>
     <TC Value="LOCAL"/>
    </TR>
    <TR>
     <TC Value="224.0.0.1"/>
     <TC Value="255.255.255.255"/>
     <TC Value="on-link"/>
     <TC Value="11.1.1.3 "/>
     <TC Value="306"/>
     <TC Value="MULTICAST"/>
    </TR>
    <TR>
     <TC Value="224.0.0.0"/>
     <TC Value="240.0.0.0"/>
     <TC Value="on-link"/>
     <TC Value="11.1.1.3 "/>
     <TC Value="306"/>
     <TC Value="MULTICAST"/>
    </TR>
    <TR>
     <TC Value="255.255.255.255"/>
     <TC Value="255.255.255.255"/>
     <TC Value="on-link"/>
     <TC Value="11.1.1.3 "/>
     <TC Value="999"/>
     <TC Value="BROADCAST"/>
    </TR>
   </TABLE>
  </MENU>
  <MENU Name="WIRELESS_NODE_4">
   <TABLE name="WIRELESS_NODE_4">
    <TH name="Network Destination" isShow="true"/>
    <TH name="Netmask/Prefix len" isShow="true"/>
    <TH name="Gateway" isShow="true"/>
    <TH name="Interface" isShow="true"/>
    <TH name="Metrics" isShow="false"/>
    <TH name="Type" isShow="false"/>
    <TR>
     <TC Value="11.1.0.0"/>
     <TC Value="255.255.0.0"/>
     <TC Value="on-link"/>
     <TC Value="11.1.1.4 "/>
     <TC Value="300"/>
     <TC Value="LOCAL"/>
    </TR>
    <TR>
     <TC Value="224.0.0.1"/>
     <TC Value="255.255.255.255"/>
     <TC Value="on-link"/>
     <TC Value="11.1.1.4 "/>
     <TC Value="306"/>
     <TC Value="MULTICAST"/>
    </TR>
    <TR>
     <TC Value="224.0.0.0"/>
     <TC Value="240.0.0.0"/>
     <TC Value="on-link"/>
     <TC Value="11.1.1.4 "/>
     <TC Value="306"/>
     <TC Value="MULTICAST"/>
    </TR>
    <TR>
     <TC Value="255.255.255.255"/>
     <TC Value="255.255.255.255"/>
     <TC Value="on-link"/>
     <TC Value="11.1.1.4 "/>
     <TC Value="999"/>
     <TC Value="BROADCAST"/>
    </TR>
   </TABLE>
  </MENU>
 </MENU>
 <MENU Name="UDP Metrics">
  <TABLE name="UDP Metrics">
   <TH name="Device id" isShow="true"/>
   <TH name="Local address" isShow="true"/>
   <TH name="Foreign address" isShow="true"/>
   <TH name="Datagram sent" isShow="true"/>
   <TH name="Datagram received" isShow="true"/>
   <TR>
    <TC Value="1"/>
    <TC Value="11.1.1.1:82"/>
    <TC Value="11.1.1.4:36934"/>
    <TC Value="3125"/>
    <TC Value="0"/>
   </TR>
   <TR>
    <TC Value="1"/>
    <TC Value="11.1.1.1:12668"/>
    <TC Value="11.1.1.3:53000"/>
    <TC Value="3125"/>
    <TC Value="0"/>
   </TR>
   <TR>
    <TC Value="1"/>
    <TC Value="11.1.1.1:38338"/>
    <TC Value="11.1.1.2:31448"/>
    <TC Value="3125"/>
    <TC Value="0"/>
   </TR>
   <TR>
    <TC Value="1"/>
    <TC Value="11.1.1.1:56290"/>
    <TC Value="11.1.1.2:11410"/>
    <TC Value="0"/>
    <TC Value="229"/>
   </TR>
   <TR>
    <TC Value="1"/>
    <TC Value="11.1.1.1:306"/>
    <TC Value="11.1.1.4:7804"/>
    <TC Value="0"/>
    <TC Value="204"/>
   </TR>
   <TR>
    <TC Value="1"/>
    <TC Value="11.1.1.1:23884"/>
    <TC Value="11.1.1.3:5990"/>
    <TC Value="0"/>
    <TC Value="225"/>
   </TR>
   <TR>
    <TC Value="2"/>
    <TC Value="11.1.1.2:22956"/>
    <TC Value="11.1.1.4:58716"/>
    <TC Value="3125"/>
    <TC Value="0"/>
   </TR>
   <TR>
    <TC Value="2"/>
    <TC Value="11.1.1.2:53924"/>
    <TC Value="11.1.1.3:48928"/>
    <TC Value="3125"/>
    <TC Value="0"/>
   </TR>
   <TR>
    <TC Value="2"/>
    <TC Value="11.1.1.2:11410"/>
    <TC Value="11.1.1.1:56290"/>
    <TC Value="3125"/>
    <TC Value="0"/>
   </TR>
   <TR>
    <TC Value="2"/>
    <TC Value="11.1.1.2:31448"/>
    <TC Value="11.1.1.1:38338"/>
    <TC Value="0"/>
    <TC Value="217"/>
   </TR>
   <TR>
    <TC Value="2"/>
    <TC Value="11.1.1.2:29208"/>
    <TC Value="11.1.1.4:64782"/>
    <TC Value="0"/>
    <TC Value="297"/>
   </TR>
   <TR>
    <TC Value="2"/>
    <TC Value="11.1.1.2:982"/>
    <TC Value="11.1.1.3:19922"/>
    <TC Value="0"/>
    <TC Value="268"/>
   </TR>
   <TR>
    <TC Value="3"/>
    <TC Value="11.1.1.3:46562"/>
    <TC Value="11.1.1.4:33654"/>
    <TC Value="3125"/>
    <TC Value="0"/>
   </TR>
   <TR>
    <TC Value="3"/>
    <TC Value="11.1.1.3:19922"/>
    <TC Value="11.1.1.2:982"/>
    <TC Value="3125"/>
    <TC Value="0"/>
   </TR>
   <TR>
    <TC Value="3"/>
    <TC Value="11.1.1.3:5990"/>
    <TC Value="11.1.1.1:23884"/>
    <TC Value="3125"/>
    <TC Value="0"/>
   </TR>
   <TR>
    <TC Value="3"/>
    <TC Value="11.1.1.3:53000"/>
    <TC Value="11.1.1.1:12668"/>
    <TC Value="0"/>
    <TC Value="304"/>
   </TR>
   <TR>
    <TC Value="3"/>
    <TC Value="11.1.1.3:48928"/>
    <TC Value="11.1.1.2:53924"/>
    <TC Value="0"/>
    <TC Value="300"/>
   </TR>
   <TR>
    <TC Value="3"/>
    <TC Value="11.1.1.3:10872"/>
    <TC Value="11.1.1.4:9654"/>
    <TC Value="0"/>
    <TC Value="340"/>
   </TR>
   <TR>
    <TC Value="4"/>
    <TC Value="11.1.1.4:9654"/>
    <TC Value="11.1.1.3:10872"/>
    <TC Value="3125"/>
    <TC Value="0"/>
   </TR>
   <TR>
    <TC Value="4"/>
    <TC Value="11.1.1.4:64782"/>
    <TC Value="11.1.1.2:29208"/>
    <TC Value="3125"/>
    <TC Value="0"/>
   </TR>
   <TR>
    <TC Value="4"/>
    <TC Value="11.1.1.4:7804"/>
    <TC Value="11.1.1.1:306"/>
    <TC Value="3125"/>
    <TC Value="0"/>
   </TR>
   <TR>
    <TC Value="4"/>
    <TC Value="11.1.1.4:36934"/>
    <TC Value="11.1.1.1:82"/>
    <TC Value="0"/>
    <TC Value="379"/>
   </TR>
   <TR>
    <TC Value="4"/>
    <TC Value="11.1.1.4:58716"/>
    <TC Value="11.1.1.2:22956"/>
    <TC Value="0"/>
    <TC Value="380"/>
   </TR>
   <TR>
    <TC Value="4"/>
    <TC Value="11.1.1.4:33654"/>
    <TC Value="11.1.1.3:46562"/>
    <TC Value="0"/>
    <TC Value="322"/>
   </TR>
  </TABLE>
 </MENU>
 <MENU Name="IEEE802.11_Metrics">
  <TABLE name="IEEE802.11_Metrics">
   <TH name="DeviceId" isShow="true"/>
   <TH name="InterfaceId" isShow="true"/>
   <TH name="Frame Sent" isShow="true"/>
   <TH name="Frame Received" isShow="false"/>
   <TH name="RTS Sent" isShow="false"/>
   <TH name="RTS Received" isShow="false"/>
   <TH name="CTS Sent" isShow="false"/>
   <TH name="CTS Received" isShow="false"/>
   <TH name="Successful Backoff" isShow="false"/>
   <TH name="Failed Backoff" isShow="false"/>
   <TR>
    <TC Value="1"/>
    <TC Value="1"/>
    <TC Value="0"/>
    <TC Value="658"/>
    <TC Value="0"/>
    <TC Value="0"/>
    <TC Value="0"/>
    <TC Value="0"/>
    <TC Value="0"/>
    <TC Value="0"/>
   </TR>
   <TR>
    <TC Value="1"/>
    <TC Value="1"/>
    <TC Value="4058"/>
    <TC Value="0"/>
    <TC Value="0"/>
    <TC Value="0"/>
    <TC Value="0"/>
    <TC Value="0"/>
    <TC Value="1502"/>
    <TC Value="0"/>
   </TR>
   <TR>
    <TC Value="1"/>
    <TC Value="1"/>
    <TC Value="0"/>
    <TC Value="0"/>
    <TC Value="0"/>
    <TC Value="0"/>
    <TC Value="0"/>
    <TC Value="0"/>
    <TC Value="0"/>
    <TC Value="0"/>
   </TR>
   <TR>
    <TC Value="1"/>
    <TC Value="1"/>
    <TC Value="0"/>
    <TC Value="0"/>
    <TC Value="0"/>
    <TC Value="0"/>
    <TC Value="0"/>
    <TC Value="0"/>
    <TC Value="0"/>
    <TC Value="0"/>
   </TR>
   <TR>
    <TC Value="2"/>
    <TC Value="1"/>
    <TC Value="0"/>
    <TC Value="782"/>
    <TC Value="0"/>
    <TC Value="0"/>
    <TC Value="0"/>
    <TC Value="0"/>
    <TC Value="0"/>
    <TC Value="0"/>
   </TR>
   <TR>
    <TC Value="2"/>
    <TC Value="1"/>
    <TC Value="3965"/>
    <TC Value="0"/>
    <TC Value="0"/>
    <TC Value="0"/>
    <TC Value="0"/>
    <TC Value="0"/>
    <TC Value="1471"/>
    <TC Value="0"/>
   </TR>
   <TR>
    <TC Value="2"/>
    <TC Value="1"/>
    <TC Value="0"/>
    <TC Value="0"/>
    <TC Value="0"/>
    <TC Value="0"/>
    <TC Value="0"/>
    <TC Value="0"/>
    <TC Value="0"/>
    <TC Value="0"/>
   </TR>
   <TR>
    <TC Value="2"/>
    <TC Value="1"/>
    <TC Value="0"/>
    <TC Value="0"/>
    <TC Value="0"/>
    <TC Value="0"/>
    <TC Value="0"/>
    <TC Value="0"/>
    <TC Value="0"/>
    <TC Value="0"/>
   </TR>
   <TR>
    <TC Value="3"/>
    <TC Value="1"/>
    <TC Value="0"/>
    <TC Value="944"/>
    <TC Value="0"/>
    <TC Value="0"/>
    <TC Value="0"/>
    <TC Value="0"/>
    <TC Value="0"/>
    <TC Value="0"/>
   </TR>
   <TR>
    <TC Value="3"/>
    <TC Value="1"/>
    <TC Value="3967"/>
    <TC Value="0"/>
    <TC Value="0"/>
    <TC Value="0"/>
    <TC Value="0"/>
    <TC Value="0"/>
    <TC Value="1481"/>
    <TC Value="0"/>
   </TR>
   <TR>
    <TC Value="3"/>
    <TC Value="1"/>
    <TC Value="0"/>
    <TC Value="0"/>
    <TC Value="0"/>
    <TC Value="0"/>
    <TC Value="0"/>
    <TC Value="0"/>
    <TC Value="0"/>
    <TC Value="0"/>
   </TR>
   <TR>
    <TC Value="3"/>
    <TC Value="1"/>
    <TC Value="0"/>
    <TC Value="0"/>
    <TC Value="0"/>
    <TC Value="0"/>
    <TC Value="0"/>
    <TC Value="0"/>
    <TC Value="0"/>
    <TC Value="0"/>
   </TR>
   <TR>
    <TC Value="4"/>
    <TC Value="1"/>
    <TC Value="0"/>
    <TC Value="1081"/>
    <TC Value="0"/>
    <TC Value="0"/>
    <TC Value="0"/>
    <TC Value="0"/>
    <TC Value="0"/>
    <TC Value="0"/>
   </TR>
   <TR>
    <TC Value="4"/>
    <TC Value="1"/>
    <TC Value="3764"/>
    <TC Value="0"/>
    <TC Value="0"/>
    <TC Value="0"/>
    <TC Value="0"/>
    <TC Value="0"/>
    <TC Value="1416"/>
    <TC Value="0"/>
   </TR>
   <TR>
    <TC Value="4"/>
    <TC Value="1"/>
    <TC Value="0"/>
    <TC Value="0"/>
    <TC Value="0"/>
    <TC Value="0"/>
    <TC Value="0"/>
    <TC Value="0"/>
    <TC Value="0"/>
    <TC Value="0"/>
   </TR>
   <TR>
    <TC Value="4"/>
    <TC Value="1"/>
    <TC Value="0"/>
    <TC Value="0"/>
    <TC Value="0"/>
    <TC Value="0"/>
    <TC Value="0"/>
    <TC Value="0"/>
    <TC Value="0"/>
    <TC Value="0"/>
   </TR>
   <TR>
    <TC Value="5"/>
    <TC Value="1"/>
    <TC Value="0"/>
    <TC Value="14825"/>
    <TC Value="0"/>
    <TC Value="0"/>
    <TC Value="0"/>
    <TC Value="0"/>
    <TC Value="0"/>
    <TC Value="0"/>
   </TR>
   <TR>
    <TC Value="5"/>
    <TC Value="1"/>
    <TC Value="3735"/>
    <TC Value="0"/>
    <TC Value="0"/>
    <TC Value="0"/>
    <TC Value="0"/>
    <TC Value="0"/>
    <TC Value="1425"/>
    <TC Value="0"/>
   </TR>
   <TR>
    <TC Value="5"/>
    <TC Value="1"/>
    <TC Value="0"/>
    <TC Value="0"/>
    <TC Value="0"/>
    <TC Value="0"/>
    <TC Value="0"/>
    <TC Value="0"/>
    <TC Value="0"/>
    <TC Value="0"/>
   </TR>
   <TR>
    <TC Value="5"/>
    <TC Value="1"/>
    <TC Value="0"/>
    <TC Value="0"/>
    <TC Value="0"/>
    <TC Value="0"/>
    <TC Value="0"/>
    <TC Value="0"/>
    <TC Value="0"/>
    <TC Value="0"/>
   </TR>
  </TABLE>
 </MENU>
 <MENU Name="Application_Metrics">
  <TABLE name="Application_Metrics">
   <TH name="Application Id" isShow="true"/>
   <TH name="Application Name" isShow="true"/>
   <TH name="Source Id" isShow="false"/>
   <TH name="Destination Id" isShow="false"/>
   <TH name="Packet generated" isShow="true"/>
   <TH name="Packet received" isShow="true"/>
   <TH name="Payload generated (bytes)" isShow="false"/>
   <TH name="Payload received (bytes)" isShow="false"/>
   <TH name="Throughput (Mbps)" isShow="true"/>
   <TH name="Delay(microsec)" isShow="true"/>
   <TH name="Jitter(microsec)" isShow="true"/>
   <TR>
    <TC Value="1"/>
    <TC Value="App1_CBR"/>
    <TC Value="1"/>
    <TC Value="4"/>
    <TC Value="3125"/>
    <TC Value="379"/>
    <TC Value="3125000"/>
    <TC Value="379000"/>
    <TC Value="0.121280"/>
    <TC Value="1005960.102879"/>
    <TC Value="15825.808968"/>
   </TR>
   <TR>
    <TC Value="2"/>
    <TC Value="App2_CBR"/>
    <TC Value="1"/>
    <TC Value="3"/>
    <TC Value="3125"/>
    <TC Value="304"/>
    <TC Value="3125000"/>
    <TC Value="304000"/>
    <TC Value="0.097280"/>
    <TC Value="1004201.356845"/>
    <TC Value="15924.722178"/>
   </TR>
   <TR>
    <TC Value="3"/>
    <TC Value="App3_CBR"/>
    <TC Value="1"/>
    <TC Value="2"/>
    <TC Value="3125"/>
    <TC Value="217"/>
    <TC Value="3125000"/>
    <TC Value="217000"/>
    <TC Value="0.069440"/>
    <TC Value="1006365.337515"/>
    <TC Value="25396.931713"/>
   </TR>
   <TR>
    <TC Value="4"/>
    <TC Value="App4_CBR"/>
    <TC Value="2"/>
    <TC Value="4"/>
    <TC Value="3125"/>
    <TC Value="380"/>
    <TC Value="3125000"/>
    <TC Value="380000"/>
    <TC Value="0.121600"/>
    <TC Value="1003194.565898"/>
    <TC Value="14964.375937"/>
   </TR>
   <TR>
    <TC Value="5"/>
    <TC Value="App5_CBR"/>
    <TC Value="2"/>
    <TC Value="3"/>
    <TC Value="3125"/>
    <TC Value="300"/>
    <TC Value="3125000"/>
    <TC Value="300000"/>
    <TC Value="0.096000"/>
    <TC Value="1003888.745436"/>
    <TC Value="23221.859733"/>
   </TR>
   <TR>
    <TC Value="6"/>
    <TC Value="App6_CBR"/>
    <TC Value="2"/>
    <TC Value="1"/>
    <TC Value="3125"/>
    <TC Value="229"/>
    <TC Value="3125000"/>
    <TC Value="229000"/>
    <TC Value="0.073280"/>
    <TC Value="1001680.453191"/>
    <TC Value="26278.173465"/>
   </TR>
   <TR>
    <TC Value="7"/>
    <TC Value="App7_CBR"/>
    <TC Value="3"/>
    <TC Value="4"/>
    <TC Value="3125"/>
    <TC Value="322"/>
    <TC Value="3125000"/>
    <TC Value="322000"/>
    <TC Value="0.103040"/>
    <TC Value="1011494.443575"/>
    <TC Value="14782.275701"/>
   </TR>
   <TR>
    <TC Value="8"/>
    <TC Value="App8_CBR"/>
    <TC Value="3"/>
    <TC Value="2"/>
    <TC Value="3125"/>
    <TC Value="268"/>
    <TC Value="3125000"/>
    <TC Value="268000"/>
    <TC Value="0.085760"/>
    <TC Value="1015724.103064"/>
    <TC Value="18732.124944"/>
   </TR>
   <TR>
    <TC Value="9"/>
    <TC Value="App9_CBR"/>
    <TC Value="3"/>
    <TC Value="1"/>
    <TC Value="3125"/>
    <TC Value="225"/>
    <TC Value="3125000"/>
    <TC Value="225000"/>
    <TC Value="0.072000"/>
    <TC Value="1022974.699914"/>
    <TC Value="25404.538036"/>
   </TR>
   <TR>
    <TC Value="10"/>
    <TC Value="App10_CBR"/>
    <TC Value="4"/>
    <TC Value="3"/>
    <TC Value="3125"/>
    <TC Value="340"/>
    <TC Value="3125000"/>
    <TC Value="340000"/>
    <TC Value="0.108800"/>
    <TC Value="1003126.375032"/>
    <TC Value="16470.512891"/>
   </TR>
   <TR>
    <TC Value="11"/>
    <TC Value="App11_CBR"/>
    <TC Value="4"/>
    <TC Value="2"/>
    <TC Value="3125"/>
    <TC Value="297"/>
    <TC Value="3125000"/>
    <TC Value="297000"/>
    <TC Value="0.095040"/>
    <TC Value="1005606.911485"/>
    <TC Value="20842.060101"/>
   </TR>
   <TR>
    <TC Value="12"/>
    <TC Value="App12_CBR"/>
    <TC Value="4"/>
    <TC Value="1"/>
    <TC Value="3125"/>
    <TC Value="204"/>
    <TC Value="3125000"/>
    <TC Value="204000"/>
    <TC Value="0.065280"/>
    <TC Value="997957.754562"/>
    <TC Value="25806.766601"/>
   </TR>
  </TABLE>
 </MENU>
</NetSim_Metrics>
